[1777542637.740][INFO]: Starting ChromeDriver 91.0.4472.19 (1bf021f248676a0b2ab3ee0561d83a59e424c23e-refs/branch-heads/4472@{#288}) on port 16580
[1777542637.740][INFO]: Please see https://chromedriver.chromium.org/security-considerations for suggestions on keeping ChromeDriver safe.
[1777542637.750][SEVERE]: bind() failed: Cannot assign requested address (99)
[1777542637.750][INFO]: listen on IPv6 failed with error ERR_ADDRESS_INVALID
[1777542637.809][INFO]: [b88cffaed75ed7d6c2d553a8980f3ec9] COMMAND InitSession {
   "capabilities": {
      "firstMatch": [ {
         "browserName": "chrome",
         "goog:chromeOptions": {

         }
      } ]
   },
   "desiredCapabilities": {
      "browserName": "chrome",
      "goog:chromeOptions": {

      }
   }
}
[1777542637.809][INFO]: Populating Preferences file: {
   "alternate_error_pages": {
      "enabled": false
   },
   "autofill": {
      "enabled": false
   },
   "browser": {
      "check_default_browser": false
   },
   "distribution": {
      "import_bookmarks": false,
      "import_history": false,
      "import_search_engine": false,
      "make_chrome_default_for_user": false,
      "skip_first_run_ui": true
   },
   "dns_prefetching": {
      "enabled": false
   },
   "profile": {
      "content_settings": {
         "pattern_pairs": {
            "https://*,*": {
               "media-stream": {
                  "audio": "Default",
                  "video": "Default"
               }
            }
         }
      },
      "default_content_setting_values": {
         "geolocation": 1
      },
      "default_content_settings": {
         "geolocation": 1,
         "mouselock": 1,
         "notifications": 1,
         "popups": 1,
         "ppapi-broker": 1
      },
      "password_manager_enabled": false
   },
   "safebrowsing": {
      "enabled": false
   },
   "search": {
      "suggest_enabled": false
   },
   "translate": {
      "enabled": false
   }
}
[1777542637.810][INFO]: Populating Local State file: {
   "background_mode": {
      "enabled": false
   },
   "ssl": {
      "rev_checking": {
         "enabled": false
      }
   }
}
[1777542637.810][INFO]: Launching chrome: /usr/bin/google-chrome --allow-pre-commit-input --disable-background-networking --disable-client-side-phishing-detection --disable-default-apps --disable-hang-monitor --disable-popup-blocking --disable-prompt-on-repost --disable-sync --enable-automation --enable-blink-features=ShadowDOMV0 --enable-logging --log-level=0 --no-first-run --no-service-autorun --password-store=basic --remote-debugging-port=0 --test-type=webdriver --use-mock-keychain --user-data-dir=/tmp/.com.google.Chrome.2irhZC data:,
[487:487:0430/115038.264969:ERROR:gpu_init.cc(440)] Passthrough is not supported, GL is swiftshader

DevTools listening on ws://127.0.0.1:35257/devtools/browser/d1ab5c97-1d07-41b4-ad9c-61376644b70d
[1777542638.315][DEBUG]: DevTools HTTP Request: http://localhost:35257/json/version
[456:490:0430/115038.369503:ERROR:object_proxy.cc(622)] Failed to call method: org.freedesktop.Notifications.GetCapabilities: object_path= /org/freedesktop/Notifications: org.freedesktop.DBus.Error.Spawn.ChildExited: Process org.freedesktop.Notifications exited with status 1
[1777542638.498][DEBUG]: DevTools HTTP Response: {
   "Browser": "Chrome/91.0.4472.77",
   "Protocol-Version": "1.3",
   "User-Agent": "Mozilla/5.0 (X11; Linux x86_64) AppleWebKit/537.36 (KHTML, like Gecko) Chrome/91.0.4472.77 Safari/537.36",
   "V8-Version": "9.1.269.28",
   "WebKit-Version": "537.36 (@1cecd5c8a856bc2a5adda436e7b84d8d21b339b6)",
   "webSocketDebuggerUrl": "ws://localhost:35257/devtools/browser/d1ab5c97-1d07-41b4-ad9c-61376644b70d"
}

[1777542638.505][DEBUG]: DevTools HTTP Request: http://localhost:35257/json/list
[1777542638.522][DEBUG]: DevTools HTTP Response: [ {
   "description": "",
   "devtoolsFrontendUrl": "/devtools/inspector.html?ws=localhost:35257/devtools/page/A46E4A837907CD59647646AF50DFA781",
   "id": "A46E4A837907CD59647646AF50DFA781",
   "title": "",
   "type": "page",
   "url": "data:,",
   "webSocketDebuggerUrl": "ws://localhost:35257/devtools/page/A46E4A837907CD59647646AF50DFA781"
} ]

[1777542638.522][DEBUG]: DevTools HTTP Request: http://localhost:35257/json/list
[456:533:0430/115038.525526:ERROR:object_proxy.cc(622)] Failed to call method: org.freedesktop.DBus.Properties.Get: object_path= /org/freedesktop/UPower: org.freedesktop.DBus.Error.ServiceUnknown: The name org.freedesktop.UPower was not provided by any .service files
[456:533:0430/115038.527127:ERROR:object_proxy.cc(622)] Failed to call method: org.freedesktop.UPower.GetDisplayDevice: object_path= /org/freedesktop/UPower: org.freedesktop.DBus.Error.ServiceUnknown: The name org.freedesktop.UPower was not provided by any .service files
[456:533:0430/115038.527402:ERROR:object_proxy.cc(622)] Failed to call method: org.freedesktop.UPower.EnumerateDevices: object_path= /org/freedesktop/UPower: org.freedesktop.DBus.Error.ServiceUnknown: The name org.freedesktop.UPower was not provided by any .service files
[1777542638.536][DEBUG]: DevTools HTTP Response: [ {
   "description": "",
   "devtoolsFrontendUrl": "/devtools/inspector.html?ws=localhost:35257/devtools/page/A46E4A837907CD59647646AF50DFA781",
   "id": "A46E4A837907CD59647646AF50DFA781",
   "title": "",
   "type": "page",
   "url": "data:,",
   "webSocketDebuggerUrl": "ws://localhost:35257/devtools/page/A46E4A837907CD59647646AF50DFA781"
} ]

[1777542638.536][INFO]: resolved localhost to ["127.0.0.1","::1"]
[1777542638.559][DEBUG]: DevTools WebSocket Command: Page.addScriptToEvaluateOnNewDocument (id=1) A46E4A837907CD59647646AF50DFA781 {
   "source": "(function () {window.cdc_adoQpoasnfa76pfcZLmcfl_Array = window.Array;window.cdc_adoQpoasnfa76pfcZLmcfl_Promise = window.Promise;window.cdc_adoQpoasnfa76pfcZLmcfl_Symbol = window.Symbol;}) ();"
}
[1777542638.559][DEBUG]: DevTools WebSocket Command: Runtime.evaluate (id=2) A46E4A837907CD59647646AF50DFA781 {
   "expression": "(function () {window.cdc_adoQpoasnfa76pfcZLmcfl_Array = window.Array;window.cdc_adoQpoasnfa76pfcZLmcfl_Promise = window.Promise;window.cdc_adoQpoasnfa76pfcZLmcfl_Symbol = window.Symbol;}) ();"
}
[1777542638.559][DEBUG]: DevTools WebSocket Command: Log.enable (id=3) A46E4A837907CD59647646AF50DFA781 {

}
[1777542638.560][DEBUG]: DevTools WebSocket Command: DOM.getDocument (id=4) A46E4A837907CD59647646AF50DFA781 {

}
[1777542638.560][DEBUG]: DevTools WebSocket Command: Target.setAutoAttach (id=5) A46E4A837907CD59647646AF50DFA781 {
   "autoAttach": true,
   "flatten": true,
   "waitForDebuggerOnStart": false
}
[1777542638.560][DEBUG]: DevTools WebSocket Command: Page.enable (id=6) A46E4A837907CD59647646AF50DFA781 {

}
[1777542638.560][DEBUG]: DevTools WebSocket Command: Page.enable (id=7) A46E4A837907CD59647646AF50DFA781 {

}
[1777542638.642][DEBUG]: DevTools WebSocket Response: Page.addScriptToEvaluateOnNewDocument (id=1) A46E4A837907CD59647646AF50DFA781 {
   "identifier": "1"
}
[1777542638.642][DEBUG]: DevTools WebSocket Response: Runtime.evaluate (id=2) A46E4A837907CD59647646AF50DFA781 {
   "result": {
      "type": "undefined"
   }
}
[1777542638.643][DEBUG]: DevTools WebSocket Response: Log.enable (id=3) A46E4A837907CD59647646AF50DFA781 {

}
[1777542638.643][DEBUG]: DevTools WebSocket Response: DOM.getDocument (id=4) A46E4A837907CD59647646AF50DFA781 {
   "root": {
      "backendNodeId": 2,
      "baseURL": "data:,",
      "childNodeCount": 0,
      "children": [  ],
      "documentURL": "data:,",
      "localName": "",
      "nodeId": 1,
      "nodeName": "#document",
      "nodeType": 9,
      "nodeValue": "",
      "xmlVersion": ""
   }
}
[1777542638.643][DEBUG]: DevTools WebSocket Response: Target.setAutoAttach (id=5) A46E4A837907CD59647646AF50DFA781 {

}
[1777542638.643][DEBUG]: DevTools WebSocket Response: Page.enable (id=6) A46E4A837907CD59647646AF50DFA781 {

}
[1777542638.643][DEBUG]: DevTools WebSocket Response: Page.enable (id=7) A46E4A837907CD59647646AF50DFA781 {

}
[1777542638.643][DEBUG]: DevTools WebSocket Command: Runtime.enable (id=8) A46E4A837907CD59647646AF50DFA781 {

}
[1777542638.656][DEBUG]: DevTools WebSocket Event: DOM.childNodeInserted A46E4A837907CD59647646AF50DFA781 {
   "node": {
      "attributes": [  ],
      "backendNodeId": 3,
      "childNodeCount": 0,
      "frameId": "A46E4A837907CD59647646AF50DFA781",
      "localName": "html",
      "nodeId": 2,
      "nodeName": "HTML",
      "nodeType": 1,
      "nodeValue": ""
   },
   "parentNodeId": 1,
   "previousNodeId": 0
}
[1777542638.657][DEBUG]: DevTools WebSocket Event: DOM.childNodeCountUpdated A46E4A837907CD59647646AF50DFA781 {
   "childNodeCount": 1,
   "nodeId": 2
}
[1777542638.657][DEBUG]: DevTools WebSocket Event: DOM.childNodeCountUpdated A46E4A837907CD59647646AF50DFA781 {
   "childNodeCount": 2,
   "nodeId": 2
}
[1777542638.657][DEBUG]: DevTools WebSocket Event: Page.loadEventFired A46E4A837907CD59647646AF50DFA781 {
   "timestamp": 13308.263097
}
[1777542638.657][DEBUG]: DevTools WebSocket Command: Runtime.evaluate (id=9) A46E4A837907CD59647646AF50DFA781 {
   "awaitPromise": false,
   "expression": "document.readyState",
   "returnByValue": true
}
[1777542638.659][DEBUG]: DevTools WebSocket Event: Page.frameStoppedLoading A46E4A837907CD59647646AF50DFA781 {
   "frameId": "A46E4A837907CD59647646AF50DFA781"
}
[1777542638.663][DEBUG]: DevTools WebSocket Event: DOM.documentUpdated A46E4A837907CD59647646AF50DFA781 {

}
[1777542638.663][DEBUG]: DevTools WebSocket Command: DOM.getDocument (id=10) A46E4A837907CD59647646AF50DFA781 {

}
[1777542638.664][DEBUG]: DevTools WebSocket Event: Page.domContentEventFired A46E4A837907CD59647646AF50DFA781 {
   "timestamp": 13308.268891
}
[1777542638.665][DEBUG]: DevTools WebSocket Event: Runtime.executionContextCreated A46E4A837907CD59647646AF50DFA781 {
   "context": {
      "auxData": {
         "frameId": "A46E4A837907CD59647646AF50DFA781",
         "isDefault": true,
         "type": "default"
      },
      "id": 1,
      "name": "",
      "origin": "://",
      "uniqueId": "-3180652188053240429.8886734147746679997"
   }
}
[1777542638.666][DEBUG]: DevTools WebSocket Response: Runtime.enable (id=8) A46E4A837907CD59647646AF50DFA781 {

}
[1777542638.667][DEBUG]: DevTools WebSocket Response: Runtime.evaluate (id=9) A46E4A837907CD59647646AF50DFA781 {
   "result": {
      "type": "string",
      "value": "complete"
   }
}
[1777542638.668][DEBUG]: DevTools WebSocket Command: Page.enable (id=11) A46E4A837907CD59647646AF50DFA781 {

}
[1777542638.673][DEBUG]: DevTools WebSocket Response: DOM.getDocument (id=10) A46E4A837907CD59647646AF50DFA781 {
   "root": {
      "backendNodeId": 2,
      "baseURL": "data:,",
      "childNodeCount": 1,
      "children": [ {
         "attributes": [  ],
         "backendNodeId": 3,
         "childNodeCount": 2,
         "children": [ {
            "attributes": [  ],
            "backendNodeId": 4,
            "childNodeCount": 0,
            "localName": "head",
            "nodeId": 5,
            "nodeName": "HEAD",
            "nodeType": 1,
            "nodeValue": "",
            "parentId": 4
         }, {
            "attributes": [  ],
            "backendNodeId": 5,
            "childNodeCount": 0,
            "localName": "body",
            "nodeId": 6,
            "nodeName": "BODY",
            "nodeType": 1,
            "nodeValue": "",
            "parentId": 4
         } ],
         "frameId": "A46E4A837907CD59647646AF50DFA781",
         "localName": "html",
         "nodeId": 4,
         "nodeName": "HTML",
         "nodeType": 1,
         "nodeValue": "",
         "parentId": 3
      } ],
      "documentURL": "data:,",
      "localName": "",
      "nodeId": 3,
      "nodeName": "#document",
      "nodeType": 9,
      "nodeValue": "",
      "xmlVersion": ""
   }
}
[1777542638.676][DEBUG]: DevTools WebSocket Response: Page.enable (id=11) A46E4A837907CD59647646AF50DFA781 {

}
[1777542638.676][DEBUG]: DevTools WebSocket Command: Runtime.enable (id=12) A46E4A837907CD59647646AF50DFA781 {

}
[1777542638.677][DEBUG]: DevTools WebSocket Response: Runtime.enable (id=12) A46E4A837907CD59647646AF50DFA781 {

}
[1777542638.679][DEBUG]: DevTools WebSocket Command: Runtime.evaluate (id=13) A46E4A837907CD59647646AF50DFA781 {
   "awaitPromise": true,
   "expression": "(function() { // Copyright (c) 2012 The Chromium Authors. All rights reserved.\n// Use of this source code is governed by a BSD-style license that can be\n// found in the LICENSE file.\n\n/**\n * Enum f...",
   "returnByValue": true
}
[1777542638.702][DEBUG]: DevTools WebSocket Response: Runtime.evaluate (id=13) A46E4A837907CD59647646AF50DFA781 {
   "result": {
      "type": "object",
      "value": {
         "status": 0,
         "value": 1
      }
   }
}
[1777542638.702][INFO]: [b88cffaed75ed7d6c2d553a8980f3ec9] RESPONSE InitSession {
   "capabilities": {
      "acceptInsecureCerts": false,
      "browserName": "chrome",
      "browserVersion": "91.0.4472.77",
      "chrome": {
         "chromedriverVersion": "91.0.4472.19 (1bf021f248676a0b2ab3ee0561d83a59e424c23e-refs/branch-heads/4472@{#288})",
         "userDataDir": "/tmp/.com.google.Chrome.2irhZC"
      },
      "goog:chromeOptions": {
         "debuggerAddress": "localhost:35257"
      },
      "networkConnectionEnabled": false,
      "pageLoadStrategy": "normal",
      "platformName": "linux",
      "proxy": {

      },
      "setWindowRect": true,
      "strictFileInteractability": false,
      "timeouts": {
         "implicit": 0,
         "pageLoad": 300000,
         "script": 30000
      },
      "unhandledPromptBehavior": "dismiss and notify",
      "webauthn:extension:largeBlob": true,
      "webauthn:virtualAuthenticators": true
   },
   "sessionId": "b88cffaed75ed7d6c2d553a8980f3ec9"
}
[1777542639.374][INFO]: [b88cffaed75ed7d6c2d553a8980f3ec9] COMMAND MaximizeWindow {

}
[1777542639.374][INFO]: Waiting for pending navigations...
[1777542639.374][DEBUG]: DevTools WebSocket Command: Runtime.evaluate (id=14) A46E4A837907CD59647646AF50DFA781 {
   "expression": "1"
}
[1777542639.387][DEBUG]: DevTools WebSocket Response: Runtime.evaluate (id=14) A46E4A837907CD59647646AF50DFA781 {
   "result": {
      "description": "1",
      "type": "number",
      "value": 1
   }
}
[1777542639.387][INFO]: Done waiting for pending navigations. Status: ok
[1777542639.388][INFO]: resolved localhost to ["127.0.0.1","::1"]
[1777542639.388][DEBUG]: DevTools WebSocket Command: Browser.getWindowForTarget (id=1) browser {
   "targetId": "A46E4A837907CD59647646AF50DFA781"
}
[1777542639.388][DEBUG]: DevTools WebSocket Response: Browser.getWindowForTarget (id=1) browser {
   "bounds": {
      "height": 1038,
      "left": 10,
      "top": 10,
      "width": 945,
      "windowState": "normal"
   },
   "windowId": 1
}
[1777542639.388][DEBUG]: DevTools WebSocket Command: Browser.setWindowBounds (id=2) browser {
   "bounds": {
      "windowState": "maximized"
   },
   "windowId": 1
}
[1777542639.389][DEBUG]: DevTools WebSocket Response: Browser.setWindowBounds (id=2) browser {

}
[1777542639.489][DEBUG]: DevTools WebSocket Command: Browser.getWindowBounds (id=3) browser {
   "windowId": 1
}
[1777542639.490][DEBUG]: DevTools WebSocket Response: Browser.getWindowBounds (id=3) browser {
   "bounds": {
      "height": 1058,
      "left": 0,
      "top": 0,
      "width": 1920,
      "windowState": "maximized"
   }
}
[1777542639.490][DEBUG]: DevTools WebSocket Command: Browser.getWindowForTarget (id=4) browser {
   "targetId": "A46E4A837907CD59647646AF50DFA781"
}
[1777542639.490][DEBUG]: DevTools WebSocket Response: Browser.getWindowForTarget (id=4) browser {
   "bounds": {
      "height": 1058,
      "left": 0,
      "top": 0,
      "width": 1920,
      "windowState": "maximized"
   },
   "windowId": 1
}
[1777542639.490][INFO]: Waiting for pending navigations...
[1777542639.490][DEBUG]: DevTools WebSocket Event: Page.frameResized A46E4A837907CD59647646AF50DFA781 {

}
[1777542639.490][DEBUG]: DevTools WebSocket Event: Page.frameResized A46E4A837907CD59647646AF50DFA781 {

}
[1777542639.490][DEBUG]: DevTools WebSocket Command: Runtime.evaluate (id=15) A46E4A837907CD59647646AF50DFA781 {
   "expression": "1"
}
[1777542639.496][DEBUG]: DevTools WebSocket Response: Runtime.evaluate (id=15) A46E4A837907CD59647646AF50DFA781 {
   "result": {
      "description": "1",
      "type": "number",
      "value": 1
   }
}
[1777542639.496][INFO]: Done waiting for pending navigations. Status: ok
[1777542639.496][INFO]: [b88cffaed75ed7d6c2d553a8980f3ec9] RESPONSE MaximizeWindow {
   "height": 1058,
   "width": 1920,
   "x": 0,
   "y": 0
}
[1777542639.554][INFO]: [b88cffaed75ed7d6c2d553a8980f3ec9] COMMAND SetTimeouts {
   "implicit": 30000
}
[1777542639.554][INFO]: [b88cffaed75ed7d6c2d553a8980f3ec9] RESPONSE SetTimeouts
[1777542639.604][INFO]: [b88cffaed75ed7d6c2d553a8980f3ec9] COMMAND Navigate {
   "url": "https://www.google.com"
}
[1777542639.604][INFO]: Waiting for pending navigations...
[1777542639.604][DEBUG]: DevTools WebSocket Command: Runtime.evaluate (id=16) A46E4A837907CD59647646AF50DFA781 {
   "expression": "1"
}
[1777542639.609][DEBUG]: DevTools WebSocket Response: Runtime.evaluate (id=16) A46E4A837907CD59647646AF50DFA781 {
   "result": {
      "description": "1",
      "type": "number",
      "value": 1
   }
}
[1777542639.609][INFO]: Done waiting for pending navigations. Status: ok
[1777542639.609][DEBUG]: DevTools WebSocket Command: Page.navigate (id=17) A46E4A837907CD59647646AF50DFA781 {
   "url": "https://www.google.com"
}
[1777542639.879][DEBUG]: DevTools WebSocket Response: Page.navigate (id=17) A46E4A837907CD59647646AF50DFA781 {
   "frameId": "A46E4A837907CD59647646AF50DFA781",
   "loaderId": "6870DC19EE6EDAA4A015FCA8942A1EFB"
}
[1777542639.879][DEBUG]: DevTools WebSocket Command: Runtime.evaluate (id=18) A46E4A837907CD59647646AF50DFA781 {
   "expression": "document.URL"
}
[1777542639.882][DEBUG]: DevTools WebSocket Event: Runtime.executionContextsCleared A46E4A837907CD59647646AF50DFA781 {

}
[1777542639.883][DEBUG]: DevTools WebSocket Event: Page.frameStartedLoading A46E4A837907CD59647646AF50DFA781 {
   "frameId": "A46E4A837907CD59647646AF50DFA781"
}
[1777542639.885][DEBUG]: DevTools WebSocket Event: Runtime.executionContextsCleared A46E4A837907CD59647646AF50DFA781 {

}
[1777542639.885][DEBUG]: DevTools WebSocket Event: Log.entryAdded A46E4A837907CD59647646AF50DFA781 {
   "entry": {
      "level": "warning",
      "source": "security",
      "text": "Error with Permissions-Policy header: Unrecognized feature: 'unload'.",
      "timestamp": 1.7775426398826511e+12
   }
}
[1777542639.906][DEBUG]: DevTools WebSocket Event: Page.frameNavigated A46E4A837907CD59647646AF50DFA781 {
   "frame": {
      "adFrameType": "none",
      "crossOriginIsolatedContextType": "NotIsolated",
      "domainAndRegistry": "google.com",
      "gatedAPIFeatures": [ "SharedArrayBuffersTransferAllowed" ],
      "id": "A46E4A837907CD59647646AF50DFA781",
      "loaderId": "6870DC19EE6EDAA4A015FCA8942A1EFB",
      "mimeType": "text/html",
      "secureContextType": "Secure",
      "securityOrigin": "https://www.google.com",
      "url": "https://www.google.com/"
   }
}
[1777542639.906][DEBUG]: DevTools WebSocket Event: Runtime.executionContextCreated A46E4A837907CD59647646AF50DFA781 {
   "context": {
      "auxData": {
         "frameId": "A46E4A837907CD59647646AF50DFA781",
         "isDefault": true,
         "type": "default"
      },
      "id": 1,
      "name": "",
      "origin": "https://www.google.com",
      "uniqueId": "-7069628176109288446.-4399467706272988678"
   }
}
[1777542639.906][DEBUG]: DevTools WebSocket Event: DOM.documentUpdated A46E4A837907CD59647646AF50DFA781 {

}
[1777542639.906][DEBUG]: DevTools WebSocket Command: DOM.getDocument (id=19) A46E4A837907CD59647646AF50DFA781 {

}
[1777542639.909][DEBUG]: DevTools WebSocket Response: Runtime.evaluate (id=18) A46E4A837907CD59647646AF50DFA781 {
   "result": {
      "type": "string",
      "value": "https://www.google.com/"
   }
}
[1777542639.909][INFO]: Waiting for pending navigations...
[1777542639.909][DEBUG]: DevTools WebSocket Command: Runtime.evaluate (id=20) A46E4A837907CD59647646AF50DFA781 {
   "expression": "1"
}
[1777542639.912][DEBUG]: DevTools WebSocket Response: DOM.getDocument (id=19) A46E4A837907CD59647646AF50DFA781 {
   "root": {
      "backendNodeId": 1,
      "baseURL": "https://www.google.com/",
      "childNodeCount": 2,
      "children": [ {
         "backendNodeId": 2,
         "localName": "",
         "nodeId": 2,
         "nodeName": "html",
         "nodeType": 10,
         "nodeValue": "",
         "parentId": 1,
         "publicId": "",
         "systemId": ""
      }, {
         "attributes": [ "itemscope", "", "itemtype", "http://schema.org/WebPage", "lang", "en-IN" ],
         "backendNodeId": 3,
         "childNodeCount": 1,
         "children": [ {
            "attributes": [  ],
            "backendNodeId": 4,
            "childNodeCount": 4,
            "localName": "head",
            "nodeId": 4,
            "nodeName": "HEAD",
            "nodeType": 1,
            "nodeValue": "",
            "parentId": 3
         } ],
         "frameId": "A46E4A837907CD59647646AF50DFA781",
         "localName": "html",
         "nodeId": 3,
         "nodeName": "HTML",
         "nodeType": 1,
         "nodeValue": "",
         "parentId": 1
      } ],
      "documentURL": "https://www.google.com/",
      "localName": "",
      "nodeId": 1,
      "nodeName": "#document",
      "nodeType": 9,
      "nodeValue": "",
      "xmlVersion": ""
   }
}
[1777542639.913][DEBUG]: DevTools WebSocket Response: Runtime.evaluate (id=20) A46E4A837907CD59647646AF50DFA781 {
   "result": {
      "description": "1",
      "type": "number",
      "value": 1
   }
}
[1777542639.992][DEBUG]: DevTools WebSocket Event: DOM.childNodeCountUpdated A46E4A837907CD59647646AF50DFA781 {
   "childNodeCount": 5,
   "nodeId": 4
}
[1777542639.992][DEBUG]: DevTools WebSocket Command: Runtime.evaluate (id=21) A46E4A837907CD59647646AF50DFA781 {
   "expression": "1"
}
[1777542639.992][DEBUG]: DevTools WebSocket Event: DOM.childNodeCountUpdated A46E4A837907CD59647646AF50DFA781 {
   "childNodeCount": 6,
   "nodeId": 4
}
[1777542639.992][DEBUG]: DevTools WebSocket Event: DOM.childNodeCountUpdated A46E4A837907CD59647646AF50DFA781 {
   "childNodeCount": 7,
   "nodeId": 4
}
[1777542639.993][DEBUG]: DevTools WebSocket Event: DOM.childNodeInserted A46E4A837907CD59647646AF50DFA781 {
   "node": {
      "attributes": [ "bgcolor", "#fff" ],
      "backendNodeId": 5,
      "childNodeCount": 0,
      "localName": "body",
      "nodeId": 5,
      "nodeName": "BODY",
      "nodeType": 1,
      "nodeValue": ""
   },
   "parentNodeId": 3,
   "previousNodeId": 4
}
[1777542639.994][DEBUG]: DevTools WebSocket Event: DOM.childNodeCountUpdated A46E4A837907CD59647646AF50DFA781 {
   "childNodeCount": 1,
   "nodeId": 5
}
[1777542639.994][DEBUG]: DevTools WebSocket Event: DOM.childNodeCountUpdated A46E4A837907CD59647646AF50DFA781 {
   "childNodeCount": 2,
   "nodeId": 5
}
[1777542639.994][DEBUG]: DevTools WebSocket Event: DOM.childNodeCountUpdated A46E4A837907CD59647646AF50DFA781 {
   "childNodeCount": 3,
   "nodeId": 5
}
[1777542640.016][DEBUG]: DevTools WebSocket Response: Runtime.evaluate (id=21) A46E4A837907CD59647646AF50DFA781 {
   "result": {
      "description": "1",
      "type": "number",
      "value": 1
   }
}
[1777542640.028][DEBUG]: DevTools WebSocket Event: DOM.childNodeCountUpdated A46E4A837907CD59647646AF50DFA781 {
   "childNodeCount": 4,
   "nodeId": 5
}
[1777542640.028][DEBUG]: DevTools WebSocket Event: DOM.childNodeCountUpdated A46E4A837907CD59647646AF50DFA781 {
   "childNodeCount": 5,
   "nodeId": 5
}
[1777542640.028][DEBUG]: DevTools WebSocket Event: DOM.childNodeCountUpdated A46E4A837907CD59647646AF50DFA781 {
   "childNodeCount": 6,
   "nodeId": 5
}
[1777542640.028][DEBUG]: DevTools WebSocket Event: DOM.childNodeCountUpdated A46E4A837907CD59647646AF50DFA781 {
   "childNodeCount": 8,
   "nodeId": 4
}
[1777542640.028][DEBUG]: DevTools WebSocket Event: DOM.childNodeCountUpdated A46E4A837907CD59647646AF50DFA781 {
   "childNodeCount": 9,
   "nodeId": 4
}
[1777542640.028][DEBUG]: DevTools WebSocket Event: DOM.childNodeCountUpdated A46E4A837907CD59647646AF50DFA781 {
   "childNodeCount": 7,
   "nodeId": 5
}
[1777542640.028][DEBUG]: DevTools WebSocket Command: Runtime.evaluate (id=22) A46E4A837907CD59647646AF50DFA781 {
   "expression": "1"
}
[1777542640.048][DEBUG]: DevTools WebSocket Event: DOM.documentUpdated A46E4A837907CD59647646AF50DFA781 {

}
[1777542640.048][DEBUG]: DevTools WebSocket Command: DOM.getDocument (id=23) A46E4A837907CD59647646AF50DFA781 {

}
[1777542640.048][DEBUG]: DevTools WebSocket Event: Page.domContentEventFired A46E4A837907CD59647646AF50DFA781 {
   "timestamp": 13309.661633
}
[1777542640.048][DEBUG]: DevTools WebSocket Response: Runtime.evaluate (id=22) A46E4A837907CD59647646AF50DFA781 {
   "result": {
      "description": "1",
      "type": "number",
      "value": 1
   }
}
[1777542640.055][DEBUG]: DevTools WebSocket Response: DOM.getDocument (id=23) A46E4A837907CD59647646AF50DFA781 {
   "root": {
      "backendNodeId": 1,
      "baseURL": "https://www.google.com/",
      "childNodeCount": 2,
      "children": [ {
         "backendNodeId": 2,
         "localName": "",
         "nodeId": 7,
         "nodeName": "html",
         "nodeType": 10,
         "nodeValue": "",
         "parentId": 6,
         "publicId": "",
         "systemId": ""
      }, {
         "attributes": [ "itemscope", "", "itemtype", "http://schema.org/WebPage", "lang", "en-IN" ],
         "backendNodeId": 3,
         "childNodeCount": 2,
         "children": [ {
            "attributes": [  ],
            "backendNodeId": 4,
            "childNodeCount": 9,
            "localName": "head",
            "nodeId": 9,
            "nodeName": "HEAD",
            "nodeType": 1,
            "nodeValue": "",
            "parentId": 8
         }, {
            "attributes": [ "bgcolor", "#fff" ],
            "backendNodeId": 5,
            "childNodeCount": 8,
            "localName": "body",
            "nodeId": 10,
            "nodeName": "BODY",
            "nodeType": 1,
            "nodeValue": "",
            "parentId": 8
         } ],
         "frameId": "A46E4A837907CD59647646AF50DFA781",
         "localName": "html",
         "nodeId": 8,
         "nodeName": "HTML",
         "nodeType": 1,
         "nodeValue": "",
         "parentId": 6
      } ],
      "documentURL": "https://www.google.com/",
      "localName": "",
      "nodeId": 6,
      "nodeName": "#document",
      "nodeType": 9,
      "nodeValue": "",
      "xmlVersion": ""
   }
}
[1777542640.055][DEBUG]: DevTools WebSocket Command: Runtime.evaluate (id=24) A46E4A837907CD59647646AF50DFA781 {
   "expression": "1"
}
[1777542640.057][DEBUG]: DevTools WebSocket Response: Runtime.evaluate (id=24) A46E4A837907CD59647646AF50DFA781 {
   "result": {
      "description": "1",
      "type": "number",
      "value": 1
   }
}
[1777542640.157][DEBUG]: DevTools WebSocket Event: DOM.childNodeCountUpdated A46E4A837907CD59647646AF50DFA781 {
   "childNodeCount": 10,
   "nodeId": 9
}
[1777542640.158][DEBUG]: DevTools WebSocket Event: DOM.childNodeCountUpdated A46E4A837907CD59647646AF50DFA781 {
   "childNodeCount": 9,
   "nodeId": 10
}
[1777542640.158][DEBUG]: DevTools WebSocket Command: Runtime.evaluate (id=25) A46E4A837907CD59647646AF50DFA781 {
   "expression": "1"
}
[1777542640.158][DEBUG]: DevTools WebSocket Event: Page.frameResized A46E4A837907CD59647646AF50DFA781 {

}
[1777542640.172][DEBUG]: DevTools WebSocket Response: Runtime.evaluate (id=25) A46E4A837907CD59647646AF50DFA781 {
   "result": {
      "description": "1",
      "type": "number",
      "value": 1
   }
}
[1777542640.246][DEBUG]: DevTools WebSocket Event: DOM.childNodeCountUpdated A46E4A837907CD59647646AF50DFA781 {
   "childNodeCount": 10,
   "nodeId": 10
}
[1777542640.246][DEBUG]: DevTools WebSocket Command: Runtime.evaluate (id=26) A46E4A837907CD59647646AF50DFA781 {
   "expression": "1"
}
[1777542640.247][DEBUG]: DevTools WebSocket Event: DOM.childNodeCountUpdated A46E4A837907CD59647646AF50DFA781 {
   "childNodeCount": 9,
   "nodeId": 10
}
[1777542640.247][DEBUG]: DevTools WebSocket Event: DOM.childNodeCountUpdated A46E4A837907CD59647646AF50DFA781 {
   "childNodeCount": 10,
   "nodeId": 10
}
[1777542640.251][DEBUG]: DevTools WebSocket Response: Runtime.evaluate (id=26) A46E4A837907CD59647646AF50DFA781 {
   "result": {
      "description": "1",
      "type": "number",
      "value": 1
   }
}
[1777542640.277][DEBUG]: DevTools WebSocket Event: Page.loadEventFired A46E4A837907CD59647646AF50DFA781 {
   "timestamp": 13309.869709
}
[1777542640.277][DEBUG]: DevTools WebSocket Command: Runtime.evaluate (id=27) A46E4A837907CD59647646AF50DFA781 {
   "awaitPromise": false,
   "expression": "document.readyState",
   "returnByValue": true
}
[1777542640.277][DEBUG]: DevTools WebSocket Event: Page.frameStoppedLoading A46E4A837907CD59647646AF50DFA781 {
   "frameId": "A46E4A837907CD59647646AF50DFA781"
}
[1777542640.278][DEBUG]: DevTools WebSocket Response: Runtime.evaluate (id=27) A46E4A837907CD59647646AF50DFA781 {
   "result": {
      "type": "string",
      "value": "complete"
   }
}
[1777542640.278][DEBUG]: DevTools WebSocket Command: Runtime.evaluate (id=28) A46E4A837907CD59647646AF50DFA781 {
   "expression": "1"
}
[1777542640.279][DEBUG]: DevTools WebSocket Response: Runtime.evaluate (id=28) A46E4A837907CD59647646AF50DFA781 {
   "result": {
      "description": "1",
      "type": "number",
      "value": 1
   }
}
[1777542640.279][INFO]: Done waiting for pending navigations. Status: ok
[1777542640.279][INFO]: [b88cffaed75ed7d6c2d553a8980f3ec9] RESPONSE Navigate
[1777542640.323][INFO]: [b88cffaed75ed7d6c2d553a8980f3ec9] COMMAND Navigate {
   "url": "https://www.wikipedia.org/"
}
[1777542640.324][INFO]: Waiting for pending navigations...
[1777542640.324][DEBUG]: DevTools WebSocket Command: Runtime.evaluate (id=29) A46E4A837907CD59647646AF50DFA781 {
   "expression": "1"
}
[1777542640.339][DEBUG]: DevTools WebSocket Response: Runtime.evaluate (id=29) A46E4A837907CD59647646AF50DFA781 {
   "result": {
      "description": "1",
      "type": "number",
      "value": 1
   }
}
[1777542640.339][INFO]: Done waiting for pending navigations. Status: ok
[1777542640.339][DEBUG]: DevTools WebSocket Command: Page.navigate (id=30) A46E4A837907CD59647646AF50DFA781 {
   "url": "https://www.wikipedia.org/"
}
[1777542640.675][DEBUG]: DevTools WebSocket Response: Page.navigate (id=30) A46E4A837907CD59647646AF50DFA781 {
   "frameId": "A46E4A837907CD59647646AF50DFA781",
   "loaderId": "B75B745487427D6AEC464A0A704C053E"
}
[1777542640.675][DEBUG]: DevTools WebSocket Command: Runtime.evaluate (id=31) A46E4A837907CD59647646AF50DFA781 {
   "expression": "document.URL"
}
[1777542640.699][DEBUG]: DevTools WebSocket Event: Runtime.executionContextsCleared A46E4A837907CD59647646AF50DFA781 {

}
[1777542640.699][DEBUG]: DevTools WebSocket Event: Page.frameStartedLoading A46E4A837907CD59647646AF50DFA781 {
   "frameId": "A46E4A837907CD59647646AF50DFA781"
}
[1777542640.775][DEBUG]: DevTools WebSocket Event: Runtime.executionContextsCleared A46E4A837907CD59647646AF50DFA781 {

}
[1777542640.776][DEBUG]: DevTools WebSocket Event: Page.frameNavigated A46E4A837907CD59647646AF50DFA781 {
   "frame": {
      "adFrameType": "none",
      "crossOriginIsolatedContextType": "NotIsolated",
      "domainAndRegistry": "wikipedia.org",
      "gatedAPIFeatures": [ "SharedArrayBuffersTransferAllowed" ],
      "id": "A46E4A837907CD59647646AF50DFA781",
      "loaderId": "B75B745487427D6AEC464A0A704C053E",
      "mimeType": "text/html",
      "secureContextType": "Secure",
      "securityOrigin": "https://www.wikipedia.org",
      "url": "https://www.wikipedia.org/"
   }
}
[1777542640.776][DEBUG]: DevTools WebSocket Event: Runtime.executionContextCreated A46E4A837907CD59647646AF50DFA781 {
   "context": {
      "auxData": {
         "frameId": "A46E4A837907CD59647646AF50DFA781",
         "isDefault": true,
         "type": "default"
      },
      "id": 1,
      "name": "",
      "origin": "https://www.wikipedia.org",
      "uniqueId": "-1229328657779703921.-1885765368468618350"
   }
}
[1777542640.776][DEBUG]: DevTools WebSocket Event: DOM.documentUpdated A46E4A837907CD59647646AF50DFA781 {

}
[1777542640.776][DEBUG]: DevTools WebSocket Command: DOM.getDocument (id=32) A46E4A837907CD59647646AF50DFA781 {

}
[1777542640.779][DEBUG]: DevTools WebSocket Response: Runtime.evaluate (id=31) A46E4A837907CD59647646AF50DFA781 {
   "result": {
      "type": "string",
      "value": "https://www.wikipedia.org/"
   }
}
[1777542640.779][INFO]: Waiting for pending navigations...
[1777542640.779][DEBUG]: DevTools WebSocket Command: Runtime.evaluate (id=33) A46E4A837907CD59647646AF50DFA781 {
   "expression": "1"
}
[1777542641.159][DEBUG]: DevTools WebSocket Event: Page.frameResized A46E4A837907CD59647646AF50DFA781 {

}
[1777542641.160][DEBUG]: DevTools WebSocket Response: DOM.getDocument (id=32) A46E4A837907CD59647646AF50DFA781 {
   "root": {
      "backendNodeId": 1,
      "baseURL": "https://www.wikipedia.org/",
      "childNodeCount": 2,
      "children": [ {
         "backendNodeId": 4,
         "localName": "",
         "nodeId": 2,
         "nodeName": "html",
         "nodeType": 10,
         "nodeValue": "",
         "parentId": 1,
         "publicId": "",
         "systemId": ""
      }, {
         "attributes": [ "lang", "en", "class", "js-enabled" ],
         "backendNodeId": 5,
         "childNodeCount": 2,
         "children": [ {
            "attributes": [  ],
            "backendNodeId": 6,
            "childNodeCount": 17,
            "localName": "head",
            "nodeId": 4,
            "nodeName": "HEAD",
            "nodeType": 1,
            "nodeValue": "",
            "parentId": 3
         }, {
            "attributes": [ "id", "www-wikipedia-org" ],
            "backendNodeId": 7,
            "childNodeCount": 1,
            "localName": "body",
            "nodeId": 5,
            "nodeName": "BODY",
            "nodeType": 1,
            "nodeValue": "",
            "parentId": 3
         } ],
         "frameId": "A46E4A837907CD59647646AF50DFA781",
         "localName": "html",
         "nodeId": 3,
         "nodeName": "HTML",
         "nodeType": 1,
         "nodeValue": "",
         "parentId": 1
      } ],
      "documentURL": "https://www.wikipedia.org/",
      "localName": "",
      "nodeId": 1,
      "nodeName": "#document",
      "nodeType": 9,
      "nodeValue": "",
      "xmlVersion": ""
   }
}
[1777542641.160][DEBUG]: DevTools WebSocket Response: Runtime.evaluate (id=33) A46E4A837907CD59647646AF50DFA781 {
   "result": {
      "description": "1",
      "type": "number",
      "value": 1
   }
}
[1777542641.175][DEBUG]: DevTools WebSocket Event: DOM.childNodeCountUpdated A46E4A837907CD59647646AF50DFA781 {
   "childNodeCount": 2,
   "nodeId": 5
}
[1777542641.175][DEBUG]: DevTools WebSocket Command: Runtime.evaluate (id=34) A46E4A837907CD59647646AF50DFA781 {
   "expression": "1"
}
[1777542641.403][DEBUG]: DevTools WebSocket Event: Page.frameResized A46E4A837907CD59647646AF50DFA781 {

}
[1777542641.405][DEBUG]: DevTools WebSocket Event: DOM.childNodeCountUpdated A46E4A837907CD59647646AF50DFA781 {
   "childNodeCount": 3,
   "nodeId": 5
}
[1777542641.406][DEBUG]: DevTools WebSocket Event: DOM.childNodeCountUpdated A46E4A837907CD59647646AF50DFA781 {
   "childNodeCount": 4,
   "nodeId": 5
}
[1777542641.406][DEBUG]: DevTools WebSocket Response: Runtime.evaluate (id=34) A46E4A837907CD59647646AF50DFA781 {
   "result": {
      "description": "1",
      "type": "number",
      "value": 1
   }
}
[1777542641.457][DEBUG]: DevTools WebSocket Event: DOM.attributeModified A46E4A837907CD59647646AF50DFA781 {
   "name": "class",
   "nodeId": 5,
   "value": " jsl10n-visible"
}
[1777542641.457][DEBUG]: DevTools WebSocket Event: DOM.childNodeCountUpdated A46E4A837907CD59647646AF50DFA781 {
   "childNodeCount": 5,
   "nodeId": 5
}
[1777542641.457][DEBUG]: DevTools WebSocket Command: Runtime.evaluate (id=35) A46E4A837907CD59647646AF50DFA781 {
   "expression": "1"
}
[1777542641.474][DEBUG]: DevTools WebSocket Event: DOM.childNodeCountUpdated A46E4A837907CD59647646AF50DFA781 {
   "childNodeCount": 6,
   "nodeId": 5
}
[1777542641.474][DEBUG]: DevTools WebSocket Event: DOM.childNodeCountUpdated A46E4A837907CD59647646AF50DFA781 {
   "childNodeCount": 18,
   "nodeId": 4
}
[1777542641.474][DEBUG]: DevTools WebSocket Event: DOM.documentUpdated A46E4A837907CD59647646AF50DFA781 {

}
[1777542641.474][DEBUG]: DevTools WebSocket Command: DOM.getDocument (id=36) A46E4A837907CD59647646AF50DFA781 {

}
[1777542641.474][DEBUG]: DevTools WebSocket Event: Page.domContentEventFired A46E4A837907CD59647646AF50DFA781 {
   "timestamp": 13311.091158
}
[1777542641.536][DEBUG]: DevTools WebSocket Event: Page.loadEventFired A46E4A837907CD59647646AF50DFA781 {
   "timestamp": 13311.141765
}
[1777542641.537][DEBUG]: DevTools WebSocket Command: Runtime.evaluate (id=37) A46E4A837907CD59647646AF50DFA781 {
   "awaitPromise": false,
   "expression": "document.readyState",
   "returnByValue": true
}
[1777542641.537][DEBUG]: DevTools WebSocket Event: Page.frameStoppedLoading A46E4A837907CD59647646AF50DFA781 {
   "frameId": "A46E4A837907CD59647646AF50DFA781"
}
[1777542641.537][DEBUG]: DevTools WebSocket Response: Runtime.evaluate (id=35) A46E4A837907CD59647646AF50DFA781 {
   "result": {
      "description": "1",
      "type": "number",
      "value": 1
   }
}
[1777542641.537][DEBUG]: DevTools WebSocket Response: DOM.getDocument (id=36) A46E4A837907CD59647646AF50DFA781 {
   "root": {
      "backendNodeId": 1,
      "baseURL": "https://www.wikipedia.org/",
      "childNodeCount": 2,
      "children": [ {
         "backendNodeId": 4,
         "localName": "",
         "nodeId": 7,
         "nodeName": "html",
         "nodeType": 10,
         "nodeValue": "",
         "parentId": 6,
         "publicId": "",
         "systemId": ""
      }, {
         "attributes": [ "lang", "en", "class", "js-enabled" ],
         "backendNodeId": 5,
         "childNodeCount": 2,
         "children": [ {
            "attributes": [  ],
            "backendNodeId": 6,
            "childNodeCount": 18,
            "localName": "head",
            "nodeId": 9,
            "nodeName": "HEAD",
            "nodeType": 1,
            "nodeValue": "",
            "parentId": 8
         }, {
            "attributes": [ "id", "www-wikipedia-org", "class", " jsl10n-visible" ],
            "backendNodeId": 7,
            "childNodeCount": 6,
            "localName": "body",
            "nodeId": 10,
            "nodeName": "BODY",
            "nodeType": 1,
            "nodeValue": "",
            "parentId": 8
         } ],
         "frameId": "A46E4A837907CD59647646AF50DFA781",
         "localName": "html",
         "nodeId": 8,
         "nodeName": "HTML",
         "nodeType": 1,
         "nodeValue": "",
         "parentId": 6
      } ],
      "documentURL": "https://www.wikipedia.org/",
      "localName": "",
      "nodeId": 6,
      "nodeName": "#document",
      "nodeType": 9,
      "nodeValue": "",
      "xmlVersion": ""
   }
}
[1777542641.539][DEBUG]: DevTools WebSocket Response: Runtime.evaluate (id=37) A46E4A837907CD59647646AF50DFA781 {
   "result": {
      "type": "string",
      "value": "complete"
   }
}
[1777542641.540][INFO]: Done waiting for pending navigations. Status: ok
[1777542641.540][INFO]: [b88cffaed75ed7d6c2d553a8980f3ec9] RESPONSE Navigate
[1777542641.605][INFO]: [b88cffaed75ed7d6c2d553a8980f3ec9] COMMAND GetUrl {

}
[1777542641.605][INFO]: Waiting for pending navigations...
[1777542641.605][DEBUG]: DevTools WebSocket Command: Runtime.evaluate (id=38) A46E4A837907CD59647646AF50DFA781 {
   "expression": "1"
}
[1777542641.608][DEBUG]: DevTools WebSocket Response: Runtime.evaluate (id=38) A46E4A837907CD59647646AF50DFA781 {
   "result": {
      "description": "1",
      "type": "number",
      "value": 1
   }
}
[1777542641.608][INFO]: Done waiting for pending navigations. Status: ok
[1777542641.609][DEBUG]: DevTools WebSocket Command: Runtime.evaluate (id=39) A46E4A837907CD59647646AF50DFA781 {
   "awaitPromise": true,
   "expression": "(function() { // Copyright (c) 2012 The Chromium Authors. All rights reserved.\n// Use of this source code is governed by a BSD-style license that can be\n// found in the LICENSE file.\n\n/**\n * Enum f...",
   "returnByValue": true
}
[1777542641.613][DEBUG]: DevTools WebSocket Response: Runtime.evaluate (id=39) A46E4A837907CD59647646AF50DFA781 {
   "result": {
      "type": "object",
      "value": {
         "status": 0,
         "value": "https://www.wikipedia.org/"
      }
   }
}
[1777542641.613][INFO]: Waiting for pending navigations...
[1777542641.613][DEBUG]: DevTools WebSocket Command: Runtime.evaluate (id=40) A46E4A837907CD59647646AF50DFA781 {
   "expression": "1"
}
[1777542641.620][DEBUG]: DevTools WebSocket Response: Runtime.evaluate (id=40) A46E4A837907CD59647646AF50DFA781 {
   "result": {
      "description": "1",
      "type": "number",
      "value": 1
   }
}
[1777542641.620][INFO]: Done waiting for pending navigations. Status: ok
[1777542641.621][INFO]: [b88cffaed75ed7d6c2d553a8980f3ec9] RESPONSE GetUrl "https://www.wikipedia.org/"
[1777542641.715][INFO]: [b88cffaed75ed7d6c2d553a8980f3ec9] COMMAND Navigate {
   "url": "https://www.wikipedia.org/"
}
[1777542641.715][INFO]: Waiting for pending navigations...
[1777542641.715][DEBUG]: DevTools WebSocket Command: Runtime.evaluate (id=41) A46E4A837907CD59647646AF50DFA781 {
   "expression": "1"
}
[1777542641.716][DEBUG]: DevTools WebSocket Response: Runtime.evaluate (id=41) A46E4A837907CD59647646AF50DFA781 {
   "result": {
      "description": "1",
      "type": "number",
      "value": 1
   }
}
[1777542641.716][INFO]: Done waiting for pending navigations. Status: ok
[1777542641.716][DEBUG]: DevTools WebSocket Command: Page.navigate (id=42) A46E4A837907CD59647646AF50DFA781 {
   "url": "https://www.wikipedia.org/"
}
[1777542641.786][DEBUG]: DevTools WebSocket Response: Page.navigate (id=42) A46E4A837907CD59647646AF50DFA781 {
   "frameId": "A46E4A837907CD59647646AF50DFA781",
   "loaderId": "5E2F4AD722DB07A667C9FD62DE176AFB"
}
[1777542641.786][DEBUG]: DevTools WebSocket Command: Runtime.evaluate (id=43) A46E4A837907CD59647646AF50DFA781 {
   "expression": "document.URL"
}
[1777542641.802][DEBUG]: DevTools WebSocket Event: Page.frameStartedLoading A46E4A837907CD59647646AF50DFA781 {
   "frameId": "A46E4A837907CD59647646AF50DFA781"
}
[1777542641.834][DEBUG]: DevTools WebSocket Event: Runtime.executionContextsCleared A46E4A837907CD59647646AF50DFA781 {

}
[1777542641.834][DEBUG]: DevTools WebSocket Event: Page.frameNavigated A46E4A837907CD59647646AF50DFA781 {
   "frame": {
      "adFrameType": "none",
      "crossOriginIsolatedContextType": "NotIsolated",
      "domainAndRegistry": "wikipedia.org",
      "gatedAPIFeatures": [ "SharedArrayBuffersTransferAllowed" ],
      "id": "A46E4A837907CD59647646AF50DFA781",
      "loaderId": "5E2F4AD722DB07A667C9FD62DE176AFB",
      "mimeType": "text/html",
      "secureContextType": "Secure",
      "securityOrigin": "https://www.wikipedia.org",
      "url": "https://www.wikipedia.org/"
   }
}
[1777542641.834][DEBUG]: DevTools WebSocket Event: Runtime.executionContextCreated A46E4A837907CD59647646AF50DFA781 {
   "context": {
      "auxData": {
         "frameId": "A46E4A837907CD59647646AF50DFA781",
         "isDefault": true,
         "type": "default"
      },
      "id": 2,
      "name": "",
      "origin": "https://www.wikipedia.org",
      "uniqueId": "-4053123034958794655.5561375750428715383"
   }
}
[1777542641.835][DEBUG]: DevTools WebSocket Event: DOM.documentUpdated A46E4A837907CD59647646AF50DFA781 {

}
[1777542641.835][DEBUG]: DevTools WebSocket Command: DOM.getDocument (id=44) A46E4A837907CD59647646AF50DFA781 {

}
[1777542641.835][DEBUG]: DevTools WebSocket Response: Runtime.evaluate (id=43) A46E4A837907CD59647646AF50DFA781 {
   "result": {
      "type": "string",
      "value": "https://www.wikipedia.org/"
   }
}
[1777542641.835][INFO]: Waiting for pending navigations...
[1777542641.835][DEBUG]: DevTools WebSocket Command: Runtime.evaluate (id=45) A46E4A837907CD59647646AF50DFA781 {
   "expression": "1"
}
[1777542641.881][DEBUG]: DevTools WebSocket Response: DOM.getDocument (id=44) A46E4A837907CD59647646AF50DFA781 {
   "root": {
      "backendNodeId": 79,
      "baseURL": "https://www.wikipedia.org/",
      "childNodeCount": 2,
      "children": [ {
         "backendNodeId": 83,
         "localName": "",
         "nodeId": 12,
         "nodeName": "html",
         "nodeType": 10,
         "nodeValue": "",
         "parentId": 11,
         "publicId": "",
         "systemId": ""
      }, {
         "attributes": [ "lang", "en", "class", "js-enabled" ],
         "backendNodeId": 84,
         "childNodeCount": 2,
         "children": [ {
            "attributes": [  ],
            "backendNodeId": 85,
            "childNodeCount": 17,
            "localName": "head",
            "nodeId": 14,
            "nodeName": "HEAD",
            "nodeType": 1,
            "nodeValue": "",
            "parentId": 13
         }, {
            "attributes": [ "id", "www-wikipedia-org" ],
            "backendNodeId": 86,
            "childNodeCount": 1,
            "localName": "body",
            "nodeId": 15,
            "nodeName": "BODY",
            "nodeType": 1,
            "nodeValue": "",
            "parentId": 13
         } ],
         "frameId": "A46E4A837907CD59647646AF50DFA781",
         "localName": "html",
         "nodeId": 13,
         "nodeName": "HTML",
         "nodeType": 1,
         "nodeValue": "",
         "parentId": 11
      } ],
      "documentURL": "https://www.wikipedia.org/",
      "localName": "",
      "nodeId": 11,
      "nodeName": "#document",
      "nodeType": 9,
      "nodeValue": "",
      "xmlVersion": ""
   }
}
[1777542641.881][DEBUG]: DevTools WebSocket Response: Runtime.evaluate (id=45) A46E4A837907CD59647646AF50DFA781 {
   "result": {
      "description": "1",
      "type": "number",
      "value": 1
   }
}
[1777542641.884][DEBUG]: DevTools WebSocket Event: DOM.childNodeCountUpdated A46E4A837907CD59647646AF50DFA781 {
   "childNodeCount": 2,
   "nodeId": 15
}
[1777542641.884][DEBUG]: DevTools WebSocket Command: Runtime.evaluate (id=46) A46E4A837907CD59647646AF50DFA781 {
   "expression": "1"
}
[1777542641.909][DEBUG]: DevTools WebSocket Event: DOM.childNodeCountUpdated A46E4A837907CD59647646AF50DFA781 {
   "childNodeCount": 3,
   "nodeId": 15
}
[1777542641.909][DEBUG]: DevTools WebSocket Event: DOM.childNodeCountUpdated A46E4A837907CD59647646AF50DFA781 {
   "childNodeCount": 4,
   "nodeId": 15
}
[1777542641.910][DEBUG]: DevTools WebSocket Event: DOM.attributeModified A46E4A837907CD59647646AF50DFA781 {
   "name": "class",
   "nodeId": 15,
   "value": " jsl10n-visible"
}
[1777542641.910][DEBUG]: DevTools WebSocket Event: DOM.childNodeCountUpdated A46E4A837907CD59647646AF50DFA781 {
   "childNodeCount": 5,
   "nodeId": 15
}
[1777542641.910][DEBUG]: DevTools WebSocket Event: DOM.childNodeCountUpdated A46E4A837907CD59647646AF50DFA781 {
   "childNodeCount": 6,
   "nodeId": 15
}
[1777542641.910][DEBUG]: DevTools WebSocket Event: DOM.childNodeCountUpdated A46E4A837907CD59647646AF50DFA781 {
   "childNodeCount": 18,
   "nodeId": 14
}
[1777542641.911][DEBUG]: DevTools WebSocket Event: DOM.documentUpdated A46E4A837907CD59647646AF50DFA781 {

}
[1777542641.911][DEBUG]: DevTools WebSocket Command: DOM.getDocument (id=47) A46E4A837907CD59647646AF50DFA781 {

}
[1777542641.911][DEBUG]: DevTools WebSocket Event: Page.domContentEventFired A46E4A837907CD59647646AF50DFA781 {
   "timestamp": 13311.526595
}
[1777542641.911][DEBUG]: DevTools WebSocket Response: Runtime.evaluate (id=46) A46E4A837907CD59647646AF50DFA781 {
   "result": {
      "description": "1",
      "type": "number",
      "value": 1
   }
}
[1777542641.971][DEBUG]: DevTools WebSocket Event: Page.loadEventFired A46E4A837907CD59647646AF50DFA781 {
   "timestamp": 13311.529685
}
[1777542641.971][DEBUG]: DevTools WebSocket Command: Runtime.evaluate (id=48) A46E4A837907CD59647646AF50DFA781 {
   "awaitPromise": false,
   "expression": "document.readyState",
   "returnByValue": true
}
[1777542641.971][DEBUG]: DevTools WebSocket Event: Page.frameStoppedLoading A46E4A837907CD59647646AF50DFA781 {
   "frameId": "A46E4A837907CD59647646AF50DFA781"
}
[1777542641.990][DEBUG]: DevTools WebSocket Response: DOM.getDocument (id=47) A46E4A837907CD59647646AF50DFA781 {
   "root": {
      "backendNodeId": 79,
      "baseURL": "https://www.wikipedia.org/",
      "childNodeCount": 2,
      "children": [ {
         "backendNodeId": 83,
         "localName": "",
         "nodeId": 17,
         "nodeName": "html",
         "nodeType": 10,
         "nodeValue": "",
         "parentId": 16,
         "publicId": "",
         "systemId": ""
      }, {
         "attributes": [ "lang", "en", "class", "js-enabled" ],
         "backendNodeId": 84,
         "childNodeCount": 2,
         "children": [ {
            "attributes": [  ],
            "backendNodeId": 85,
            "childNodeCount": 18,
            "localName": "head",
            "nodeId": 19,
            "nodeName": "HEAD",
            "nodeType": 1,
            "nodeValue": "",
            "parentId": 18
         }, {
            "attributes": [ "id", "www-wikipedia-org", "class", " jsl10n-visible" ],
            "backendNodeId": 86,
            "childNodeCount": 6,
            "localName": "body",
            "nodeId": 20,
            "nodeName": "BODY",
            "nodeType": 1,
            "nodeValue": "",
            "parentId": 18
         } ],
         "frameId": "A46E4A837907CD59647646AF50DFA781",
         "localName": "html",
         "nodeId": 18,
         "nodeName": "HTML",
         "nodeType": 1,
         "nodeValue": "",
         "parentId": 16
      } ],
      "documentURL": "https://www.wikipedia.org/",
      "localName": "",
      "nodeId": 16,
      "nodeName": "#document",
      "nodeType": 9,
      "nodeValue": "",
      "xmlVersion": ""
   }
}
[1777542641.994][DEBUG]: DevTools WebSocket Response: Runtime.evaluate (id=48) A46E4A837907CD59647646AF50DFA781 {
   "result": {
      "type": "string",
      "value": "complete"
   }
}
[1777542641.994][DEBUG]: DevTools WebSocket Command: Runtime.evaluate (id=49) A46E4A837907CD59647646AF50DFA781 {
   "expression": "1"
}
[1777542641.995][DEBUG]: DevTools WebSocket Response: Runtime.evaluate (id=49) A46E4A837907CD59647646AF50DFA781 {
   "result": {
      "description": "1",
      "type": "number",
      "value": 1
   }
}
[1777542641.995][INFO]: Done waiting for pending navigations. Status: ok
[1777542641.995][INFO]: [b88cffaed75ed7d6c2d553a8980f3ec9] RESPONSE Navigate
[1777542642.034][INFO]: [b88cffaed75ed7d6c2d553a8980f3ec9] COMMAND FindElement {
   "using": "xpath",
   "value": "//*[@id='www-wikipedia-org']/main/div[1]/h1"
}
[1777542642.034][INFO]: Waiting for pending navigations...
[1777542642.034][DEBUG]: DevTools WebSocket Command: Runtime.evaluate (id=50) A46E4A837907CD59647646AF50DFA781 {
   "expression": "1"
}
[1777542642.042][DEBUG]: DevTools WebSocket Response: Runtime.evaluate (id=50) A46E4A837907CD59647646AF50DFA781 {
   "result": {
      "description": "1",
      "type": "number",
      "value": 1
   }
}
[1777542642.042][INFO]: Done waiting for pending navigations. Status: ok
[1777542642.049][DEBUG]: DevTools WebSocket Command: Runtime.evaluate (id=51) A46E4A837907CD59647646AF50DFA781 {
   "awaitPromise": true,
   "expression": "(function() { // Copyright (c) 2012 The Chromium Authors. All rights reserved.\n// Use of this source code is governed by a BSD-style license that can be\n// found in the LICENSE file.\n\n/**\n * Enum f...",
   "returnByValue": true
}
[1777542642.074][DEBUG]: DevTools WebSocket Response: Runtime.evaluate (id=51) A46E4A837907CD59647646AF50DFA781 {
   "result": {
      "type": "object",
      "value": {
         "status": 0,
         "value": {
            "element-6066-11e4-a52e-4f735466cecf": "e3f32ffb-7faa-4b3a-b356-40d8e9732c31"
         }
      }
   }
}
[1777542642.074][INFO]: Waiting for pending navigations...
[1777542642.074][DEBUG]: DevTools WebSocket Command: Runtime.evaluate (id=52) A46E4A837907CD59647646AF50DFA781 {
   "expression": "1"
}
[1777542642.083][DEBUG]: DevTools WebSocket Response: Runtime.evaluate (id=52) A46E4A837907CD59647646AF50DFA781 {
   "result": {
      "description": "1",
      "type": "number",
      "value": 1
   }
}
[1777542642.083][INFO]: Done waiting for pending navigations. Status: ok
[1777542642.083][INFO]: [b88cffaed75ed7d6c2d553a8980f3ec9] RESPONSE FindElement {
   "element-6066-11e4-a52e-4f735466cecf": "e3f32ffb-7faa-4b3a-b356-40d8e9732c31"
}
[1777542642.101][INFO]: [b88cffaed75ed7d6c2d553a8980f3ec9] COMMAND GetElementText {
   "id": "e3f32ffb-7faa-4b3a-b356-40d8e9732c31"
}
[1777542642.101][INFO]: Waiting for pending navigations...
[1777542642.101][DEBUG]: DevTools WebSocket Command: Runtime.evaluate (id=53) A46E4A837907CD59647646AF50DFA781 {
   "expression": "1"
}
[1777542642.102][DEBUG]: DevTools WebSocket Response: Runtime.evaluate (id=53) A46E4A837907CD59647646AF50DFA781 {
   "result": {
      "description": "1",
      "type": "number",
      "value": 1
   }
}
[1777542642.102][INFO]: Done waiting for pending navigations. Status: ok
[1777542642.104][DEBUG]: DevTools WebSocket Command: Runtime.evaluate (id=54) A46E4A837907CD59647646AF50DFA781 {
   "awaitPromise": true,
   "expression": "(function() { // Copyright (c) 2012 The Chromium Authors. All rights reserved.\n// Use of this source code is governed by a BSD-style license that can be\n// found in the LICENSE file.\n\n/**\n * Enum f...",
   "returnByValue": true
}
[1777542642.124][DEBUG]: DevTools WebSocket Response: Runtime.evaluate (id=54) A46E4A837907CD59647646AF50DFA781 {
   "result": {
      "type": "object",
      "value": {
         "status": 0,
         "value": "Wikipedia\nThe Free Encyclopedia"
      }
   }
}
[1777542642.124][INFO]: Waiting for pending navigations...
[1777542642.124][DEBUG]: DevTools WebSocket Command: Runtime.evaluate (id=55) A46E4A837907CD59647646AF50DFA781 {
   "expression": "1"
}
[1777542642.125][DEBUG]: DevTools WebSocket Response: Runtime.evaluate (id=55) A46E4A837907CD59647646AF50DFA781 {
   "result": {
      "description": "1",
      "type": "number",
      "value": 1
   }
}
[1777542642.125][INFO]: Done waiting for pending navigations. Status: ok
[1777542642.125][INFO]: [b88cffaed75ed7d6c2d553a8980f3ec9] RESPONSE GetElementText "Wikipedia\nThe Free Encyclopedia"
[1777542642.160][INFO]: [b88cffaed75ed7d6c2d553a8980f3ec9] COMMAND FindElement {
   "using": "xpath",
   "value": "//*[@id='www-wikipedia-org']/footer/p/small[2]/a"
}
[1777542642.160][INFO]: Waiting for pending navigations...
[1777542642.160][DEBUG]: DevTools WebSocket Command: Runtime.evaluate (id=56) A46E4A837907CD59647646AF50DFA781 {
   "expression": "1"
}
[1777542642.161][DEBUG]: DevTools WebSocket Response: Runtime.evaluate (id=56) A46E4A837907CD59647646AF50DFA781 {
   "result": {
      "description": "1",
      "type": "number",
      "value": 1
   }
}
[1777542642.161][INFO]: Done waiting for pending navigations. Status: ok
[1777542642.163][DEBUG]: DevTools WebSocket Command: Runtime.evaluate (id=57) A46E4A837907CD59647646AF50DFA781 {
   "awaitPromise": true,
   "expression": "(function() { // Copyright (c) 2012 The Chromium Authors. All rights reserved.\n// Use of this source code is governed by a BSD-style license that can be\n// found in the LICENSE file.\n\n/**\n * Enum f...",
   "returnByValue": true
}
[1777542642.178][DEBUG]: DevTools WebSocket Response: Runtime.evaluate (id=57) A46E4A837907CD59647646AF50DFA781 {
   "result": {
      "type": "object",
      "value": {
         "status": 0,
         "value": {
            "element-6066-11e4-a52e-4f735466cecf": "c3fabd86-ac20-44f3-85d1-f926538eadce"
         }
      }
   }
}
[1777542642.178][INFO]: Waiting for pending navigations...
[1777542642.178][DEBUG]: DevTools WebSocket Command: Runtime.evaluate (id=58) A46E4A837907CD59647646AF50DFA781 {
   "expression": "1"
}
[1777542642.179][DEBUG]: DevTools WebSocket Response: Runtime.evaluate (id=58) A46E4A837907CD59647646AF50DFA781 {
   "result": {
      "description": "1",
      "type": "number",
      "value": 1
   }
}
[1777542642.179][INFO]: Done waiting for pending navigations. Status: ok
[1777542642.179][INFO]: [b88cffaed75ed7d6c2d553a8980f3ec9] RESPONSE FindElement {
   "element-6066-11e4-a52e-4f735466cecf": "c3fabd86-ac20-44f3-85d1-f926538eadce"
}
[1777542642.206][INFO]: [b88cffaed75ed7d6c2d553a8980f3ec9] COMMAND GetElementText {
   "id": "c3fabd86-ac20-44f3-85d1-f926538eadce"
}
[1777542642.206][INFO]: Waiting for pending navigations...
[1777542642.206][DEBUG]: DevTools WebSocket Command: Runtime.evaluate (id=59) A46E4A837907CD59647646AF50DFA781 {
   "expression": "1"
}
[1777542642.207][DEBUG]: DevTools WebSocket Response: Runtime.evaluate (id=59) A46E4A837907CD59647646AF50DFA781 {
   "result": {
      "description": "1",
      "type": "number",
      "value": 1
   }
}
[1777542642.207][INFO]: Done waiting for pending navigations. Status: ok
[1777542642.211][DEBUG]: DevTools WebSocket Command: Runtime.evaluate (id=60) A46E4A837907CD59647646AF50DFA781 {
   "awaitPromise": true,
   "expression": "(function() { // Copyright (c) 2012 The Chromium Authors. All rights reserved.\n// Use of this source code is governed by a BSD-style license that can be\n// found in the LICENSE file.\n\n/**\n * Enum f...",
   "returnByValue": true
}
[1777542642.233][DEBUG]: DevTools WebSocket Response: Runtime.evaluate (id=60) A46E4A837907CD59647646AF50DFA781 {
   "result": {
      "type": "object",
      "value": {
         "status": 0,
         "value": "Terms of Use"
      }
   }
}
[1777542642.233][INFO]: Waiting for pending navigations...
[1777542642.233][DEBUG]: DevTools WebSocket Command: Runtime.evaluate (id=61) A46E4A837907CD59647646AF50DFA781 {
   "expression": "1"
}
[1777542642.240][DEBUG]: DevTools WebSocket Response: Runtime.evaluate (id=61) A46E4A837907CD59647646AF50DFA781 {
   "result": {
      "description": "1",
      "type": "number",
      "value": 1
   }
}
[1777542642.240][INFO]: Done waiting for pending navigations. Status: ok
[1777542642.240][INFO]: [b88cffaed75ed7d6c2d553a8980f3ec9] RESPONSE GetElementText "Terms of Use"
[1777542642.269][INFO]: [b88cffaed75ed7d6c2d553a8980f3ec9] COMMAND FindElement {
   "using": "xpath",
   "value": "//*[@id='www-wikipedia-org']/footer/p/small[3]/a"
}
[1777542642.269][INFO]: Waiting for pending navigations...
[1777542642.269][DEBUG]: DevTools WebSocket Command: Runtime.evaluate (id=62) A46E4A837907CD59647646AF50DFA781 {
   "expression": "1"
}
[1777542642.271][DEBUG]: DevTools WebSocket Response: Runtime.evaluate (id=62) A46E4A837907CD59647646AF50DFA781 {
   "result": {
      "description": "1",
      "type": "number",
      "value": 1
   }
}
[1777542642.271][INFO]: Done waiting for pending navigations. Status: ok
[1777542642.274][DEBUG]: DevTools WebSocket Command: Runtime.evaluate (id=63) A46E4A837907CD59647646AF50DFA781 {
   "awaitPromise": true,
   "expression": "(function() { // Copyright (c) 2012 The Chromium Authors. All rights reserved.\n// Use of this source code is governed by a BSD-style license that can be\n// found in the LICENSE file.\n\n/**\n * Enum f...",
   "returnByValue": true
}
[1777542642.291][DEBUG]: DevTools WebSocket Response: Runtime.evaluate (id=63) A46E4A837907CD59647646AF50DFA781 {
   "result": {
      "type": "object",
      "value": {
         "status": 0,
         "value": {
            "element-6066-11e4-a52e-4f735466cecf": "1b8da358-eced-4ec0-99b6-487c9a1814f6"
         }
      }
   }
}
[1777542642.292][INFO]: Waiting for pending navigations...
[1777542642.292][DEBUG]: DevTools WebSocket Command: Runtime.evaluate (id=64) A46E4A837907CD59647646AF50DFA781 {
   "expression": "1"
}
[1777542642.293][DEBUG]: DevTools WebSocket Response: Runtime.evaluate (id=64) A46E4A837907CD59647646AF50DFA781 {
   "result": {
      "description": "1",
      "type": "number",
      "value": 1
   }
}
[1777542642.293][INFO]: Done waiting for pending navigations. Status: ok
[1777542642.293][INFO]: [b88cffaed75ed7d6c2d553a8980f3ec9] RESPONSE FindElement {
   "element-6066-11e4-a52e-4f735466cecf": "1b8da358-eced-4ec0-99b6-487c9a1814f6"
}
[1777542642.315][INFO]: [b88cffaed75ed7d6c2d553a8980f3ec9] COMMAND GetElementText {
   "id": "1b8da358-eced-4ec0-99b6-487c9a1814f6"
}
[1777542642.315][INFO]: Waiting for pending navigations...
[1777542642.315][DEBUG]: DevTools WebSocket Command: Runtime.evaluate (id=65) A46E4A837907CD59647646AF50DFA781 {
   "expression": "1"
}
[1777542642.317][DEBUG]: DevTools WebSocket Response: Runtime.evaluate (id=65) A46E4A837907CD59647646AF50DFA781 {
   "result": {
      "description": "1",
      "type": "number",
      "value": 1
   }
}
[1777542642.317][INFO]: Done waiting for pending navigations. Status: ok
[1777542642.320][DEBUG]: DevTools WebSocket Command: Runtime.evaluate (id=66) A46E4A837907CD59647646AF50DFA781 {
   "awaitPromise": true,
   "expression": "(function() { // Copyright (c) 2012 The Chromium Authors. All rights reserved.\n// Use of this source code is governed by a BSD-style license that can be\n// found in the LICENSE file.\n\n/**\n * Enum f...",
   "returnByValue": true
}
[1777542642.335][DEBUG]: DevTools WebSocket Response: Runtime.evaluate (id=66) A46E4A837907CD59647646AF50DFA781 {
   "result": {
      "type": "object",
      "value": {
         "status": 0,
         "value": "Privacy Policy"
      }
   }
}
[1777542642.335][INFO]: Waiting for pending navigations...
[1777542642.335][DEBUG]: DevTools WebSocket Command: Runtime.evaluate (id=67) A46E4A837907CD59647646AF50DFA781 {
   "expression": "1"
}
[1777542642.338][DEBUG]: DevTools WebSocket Response: Runtime.evaluate (id=67) A46E4A837907CD59647646AF50DFA781 {
   "result": {
      "description": "1",
      "type": "number",
      "value": 1
   }
}
[1777542642.339][INFO]: Done waiting for pending navigations. Status: ok
[1777542642.339][INFO]: [b88cffaed75ed7d6c2d553a8980f3ec9] RESPONSE GetElementText "Privacy Policy"
[1777542642.369][INFO]: [b88cffaed75ed7d6c2d553a8980f3ec9] COMMAND Navigate {
   "url": "https://www.wikipedia.org/"
}
[1777542642.369][INFO]: Waiting for pending navigations...
[1777542642.369][DEBUG]: DevTools WebSocket Command: Runtime.evaluate (id=68) A46E4A837907CD59647646AF50DFA781 {
   "expression": "1"
}
[1777542642.372][DEBUG]: DevTools WebSocket Response: Runtime.evaluate (id=68) A46E4A837907CD59647646AF50DFA781 {
   "result": {
      "description": "1",
      "type": "number",
      "value": 1
   }
}
[1777542642.372][INFO]: Done waiting for pending navigations. Status: ok
[1777542642.372][DEBUG]: DevTools WebSocket Command: Page.navigate (id=69) A46E4A837907CD59647646AF50DFA781 {
   "url": "https://www.wikipedia.org/"
}
[1777542642.442][DEBUG]: DevTools WebSocket Response: Page.navigate (id=69) A46E4A837907CD59647646AF50DFA781 {
   "frameId": "A46E4A837907CD59647646AF50DFA781",
   "loaderId": "B9B717E9216C709B0AF9D9A78FDC7104"
}
[1777542642.442][DEBUG]: DevTools WebSocket Command: Runtime.evaluate (id=70) A46E4A837907CD59647646AF50DFA781 {
   "expression": "document.URL"
}
[1777542642.448][DEBUG]: DevTools WebSocket Event: Page.frameStartedLoading A46E4A837907CD59647646AF50DFA781 {
   "frameId": "A46E4A837907CD59647646AF50DFA781"
}
[1777542642.466][DEBUG]: DevTools WebSocket Event: Runtime.executionContextsCleared A46E4A837907CD59647646AF50DFA781 {

}
[1777542642.466][DEBUG]: DevTools WebSocket Event: Page.frameNavigated A46E4A837907CD59647646AF50DFA781 {
   "frame": {
      "adFrameType": "none",
      "crossOriginIsolatedContextType": "NotIsolated",
      "domainAndRegistry": "wikipedia.org",
      "gatedAPIFeatures": [ "SharedArrayBuffersTransferAllowed" ],
      "id": "A46E4A837907CD59647646AF50DFA781",
      "loaderId": "B9B717E9216C709B0AF9D9A78FDC7104",
      "mimeType": "text/html",
      "secureContextType": "Secure",
      "securityOrigin": "https://www.wikipedia.org",
      "url": "https://www.wikipedia.org/"
   }
}
[1777542642.466][DEBUG]: DevTools WebSocket Event: Runtime.executionContextCreated A46E4A837907CD59647646AF50DFA781 {
   "context": {
      "auxData": {
         "frameId": "A46E4A837907CD59647646AF50DFA781",
         "isDefault": true,
         "type": "default"
      },
      "id": 3,
      "name": "",
      "origin": "https://www.wikipedia.org",
      "uniqueId": "-8442054705386355655.1561983428059115575"
   }
}
[1777542642.467][DEBUG]: DevTools WebSocket Event: DOM.documentUpdated A46E4A837907CD59647646AF50DFA781 {

}
[1777542642.467][DEBUG]: DevTools WebSocket Command: DOM.getDocument (id=71) A46E4A837907CD59647646AF50DFA781 {

}
[1777542642.467][DEBUG]: DevTools WebSocket Response: Runtime.evaluate (id=70) A46E4A837907CD59647646AF50DFA781 {
   "result": {
      "type": "string",
      "value": "https://www.wikipedia.org/"
   }
}
[1777542642.467][INFO]: Waiting for pending navigations...
[1777542642.467][DEBUG]: DevTools WebSocket Command: Runtime.evaluate (id=72) A46E4A837907CD59647646AF50DFA781 {
   "expression": "1"
}
[1777542642.477][DEBUG]: DevTools WebSocket Response: DOM.getDocument (id=71) A46E4A837907CD59647646AF50DFA781 {
   "root": {
      "backendNodeId": 154,
      "baseURL": "https://www.wikipedia.org/",
      "childNodeCount": 0,
      "children": [  ],
      "documentURL": "https://www.wikipedia.org/",
      "localName": "",
      "nodeId": 21,
      "nodeName": "#document",
      "nodeType": 9,
      "nodeValue": "",
      "xmlVersion": ""
   }
}
[1777542642.477][DEBUG]: DevTools WebSocket Response: Runtime.evaluate (id=72) A46E4A837907CD59647646AF50DFA781 {
   "result": {
      "description": "1",
      "type": "number",
      "value": 1
   }
}
[1777542642.494][DEBUG]: DevTools WebSocket Event: DOM.childNodeInserted A46E4A837907CD59647646AF50DFA781 {
   "node": {
      "backendNodeId": 155,
      "localName": "",
      "nodeId": 22,
      "nodeName": "html",
      "nodeType": 10,
      "nodeValue": "",
      "publicId": "",
      "systemId": ""
   },
   "parentNodeId": 21,
   "previousNodeId": 0
}
[1777542642.494][DEBUG]: DevTools WebSocket Command: Runtime.evaluate (id=73) A46E4A837907CD59647646AF50DFA781 {
   "expression": "1"
}
[1777542642.495][DEBUG]: DevTools WebSocket Event: DOM.childNodeInserted A46E4A837907CD59647646AF50DFA781 {
   "node": {
      "attributes": [ "lang", "en", "class", "no-js" ],
      "backendNodeId": 156,
      "childNodeCount": 0,
      "frameId": "A46E4A837907CD59647646AF50DFA781",
      "localName": "html",
      "nodeId": 23,
      "nodeName": "HTML",
      "nodeType": 1,
      "nodeValue": ""
   },
   "parentNodeId": 21,
   "previousNodeId": 22
}
[1777542642.495][DEBUG]: DevTools WebSocket Event: DOM.childNodeCountUpdated A46E4A837907CD59647646AF50DFA781 {
   "childNodeCount": 1,
   "nodeId": 23
}
[1777542642.495][DEBUG]: DevTools WebSocket Event: DOM.attributeModified A46E4A837907CD59647646AF50DFA781 {
   "name": "class",
   "nodeId": 23,
   "value": "js-enabled"
}
[1777542642.495][DEBUG]: DevTools WebSocket Event: DOM.childNodeCountUpdated A46E4A837907CD59647646AF50DFA781 {
   "childNodeCount": 2,
   "nodeId": 23
}
[1777542642.564][DEBUG]: DevTools WebSocket Response: Runtime.evaluate (id=73) A46E4A837907CD59647646AF50DFA781 {
   "result": {
      "description": "1",
      "type": "number",
      "value": 1
   }
}
[1777542642.615][DEBUG]: DevTools WebSocket Event: DOM.documentUpdated A46E4A837907CD59647646AF50DFA781 {

}
[1777542642.615][DEBUG]: DevTools WebSocket Command: DOM.getDocument (id=74) A46E4A837907CD59647646AF50DFA781 {

}
[1777542642.615][DEBUG]: DevTools WebSocket Event: Page.domContentEventFired A46E4A837907CD59647646AF50DFA781 {
   "timestamp": 13312.231907
}
[1777542642.615][DEBUG]: DevTools WebSocket Command: Runtime.evaluate (id=75) A46E4A837907CD59647646AF50DFA781 {
   "expression": "1"
}
[1777542642.719][DEBUG]: DevTools WebSocket Event: Page.loadEventFired A46E4A837907CD59647646AF50DFA781 {
   "timestamp": 13312.326976
}
[1777542642.719][DEBUG]: DevTools WebSocket Command: Runtime.evaluate (id=76) A46E4A837907CD59647646AF50DFA781 {
   "awaitPromise": false,
   "expression": "document.readyState",
   "returnByValue": true
}
[1777542642.719][DEBUG]: DevTools WebSocket Event: Page.frameStoppedLoading A46E4A837907CD59647646AF50DFA781 {
   "frameId": "A46E4A837907CD59647646AF50DFA781"
}
[1777542642.719][DEBUG]: DevTools WebSocket Response: DOM.getDocument (id=74) A46E4A837907CD59647646AF50DFA781 {
   "root": {
      "backendNodeId": 154,
      "baseURL": "https://www.wikipedia.org/",
      "childNodeCount": 2,
      "children": [ {
         "backendNodeId": 155,
         "localName": "",
         "nodeId": 25,
         "nodeName": "html",
         "nodeType": 10,
         "nodeValue": "",
         "parentId": 24,
         "publicId": "",
         "systemId": ""
      }, {
         "attributes": [ "lang", "en", "class", "js-enabled" ],
         "backendNodeId": 156,
         "childNodeCount": 2,
         "children": [ {
            "attributes": [  ],
            "backendNodeId": 227,
            "childNodeCount": 18,
            "localName": "head",
            "nodeId": 27,
            "nodeName": "HEAD",
            "nodeType": 1,
            "nodeValue": "",
            "parentId": 26
         }, {
            "attributes": [ "id", "www-wikipedia-org", "class", " jsl10n-visible" ],
            "backendNodeId": 228,
            "childNodeCount": 6,
            "localName": "body",
            "nodeId": 28,
            "nodeName": "BODY",
            "nodeType": 1,
            "nodeValue": "",
            "parentId": 26
         } ],
         "frameId": "A46E4A837907CD59647646AF50DFA781",
         "localName": "html",
         "nodeId": 26,
         "nodeName": "HTML",
         "nodeType": 1,
         "nodeValue": "",
         "parentId": 24
      } ],
      "documentURL": "https://www.wikipedia.org/",
      "localName": "",
      "nodeId": 24,
      "nodeName": "#document",
      "nodeType": 9,
      "nodeValue": "",
      "xmlVersion": ""
   }
}
[1777542642.720][DEBUG]: DevTools WebSocket Response: Runtime.evaluate (id=75) A46E4A837907CD59647646AF50DFA781 {
   "result": {
      "description": "1",
      "type": "number",
      "value": 1
   }
}
[1777542642.720][DEBUG]: DevTools WebSocket Response: Runtime.evaluate (id=76) A46E4A837907CD59647646AF50DFA781 {
   "result": {
      "type": "string",
      "value": "complete"
   }
}
[1777542642.720][INFO]: Done waiting for pending navigations. Status: ok
[1777542642.720][INFO]: [b88cffaed75ed7d6c2d553a8980f3ec9] RESPONSE Navigate
[1777542642.744][INFO]: [b88cffaed75ed7d6c2d553a8980f3ec9] COMMAND FindElement {
   "using": "css selector",
   "value": "#searchInput"
}
[1777542642.744][INFO]: Waiting for pending navigations...
[1777542642.744][DEBUG]: DevTools WebSocket Command: Runtime.evaluate (id=77) A46E4A837907CD59647646AF50DFA781 {
   "expression": "1"
}
[1777542642.745][DEBUG]: DevTools WebSocket Response: Runtime.evaluate (id=77) A46E4A837907CD59647646AF50DFA781 {
   "result": {
      "description": "1",
      "type": "number",
      "value": 1
   }
}
[1777542642.745][INFO]: Done waiting for pending navigations. Status: ok
[1777542642.748][DEBUG]: DevTools WebSocket Command: Runtime.evaluate (id=78) A46E4A837907CD59647646AF50DFA781 {
   "awaitPromise": true,
   "expression": "(function() { // Copyright (c) 2012 The Chromium Authors. All rights reserved.\n// Use of this source code is governed by a BSD-style license that can be\n// found in the LICENSE file.\n\n/**\n * Enum f...",
   "returnByValue": true
}
[1777542642.789][DEBUG]: DevTools WebSocket Response: Runtime.evaluate (id=78) A46E4A837907CD59647646AF50DFA781 {
   "result": {
      "type": "object",
      "value": {
         "status": 0,
         "value": {
            "element-6066-11e4-a52e-4f735466cecf": "d64ce7fd-7759-4a39-9967-1a8823cbe2cb"
         }
      }
   }
}
[1777542642.789][INFO]: Waiting for pending navigations...
[1777542642.789][DEBUG]: DevTools WebSocket Command: Runtime.evaluate (id=79) A46E4A837907CD59647646AF50DFA781 {
   "expression": "1"
}
[1777542642.793][DEBUG]: DevTools WebSocket Response: Runtime.evaluate (id=79) A46E4A837907CD59647646AF50DFA781 {
   "result": {
      "description": "1",
      "type": "number",
      "value": 1
   }
}
[1777542642.794][INFO]: Done waiting for pending navigations. Status: ok
[1777542642.794][INFO]: [b88cffaed75ed7d6c2d553a8980f3ec9] RESPONSE FindElement {
   "element-6066-11e4-a52e-4f735466cecf": "d64ce7fd-7759-4a39-9967-1a8823cbe2cb"
}
[1777542642.828][INFO]: [b88cffaed75ed7d6c2d553a8980f3ec9] COMMAND TypeElement {
   "id": "d64ce7fd-7759-4a39-9967-1a8823cbe2cb",
   "text": "apple",
   "value": [ "a", "p", "p", "l", "e" ]
}
[1777542642.828][INFO]: Waiting for pending navigations...
[1777542642.828][DEBUG]: DevTools WebSocket Command: Runtime.evaluate (id=80) A46E4A837907CD59647646AF50DFA781 {
   "expression": "1"
}
[1777542642.833][DEBUG]: DevTools WebSocket Response: Runtime.evaluate (id=80) A46E4A837907CD59647646AF50DFA781 {
   "result": {
      "description": "1",
      "type": "number",
      "value": 1
   }
}
[1777542642.833][INFO]: Done waiting for pending navigations. Status: ok
[1777542642.835][DEBUG]: DevTools WebSocket Command: Runtime.evaluate (id=81) A46E4A837907CD59647646AF50DFA781 {
   "awaitPromise": true,
   "expression": "(function() { // Copyright (c) 2012 The Chromium Authors. All rights reserved.\n// Use of this source code is governed by a BSD-style license that can be\n// found in the LICENSE file.\n\n/**\n * Enum f...",
   "returnByValue": true
}
[1777542642.845][DEBUG]: DevTools WebSocket Response: Runtime.evaluate (id=81) A46E4A837907CD59647646AF50DFA781 {
   "result": {
      "type": "object",
      "value": {
         "status": 0,
         "value": "INPUT"
      }
   }
}
[1777542642.847][DEBUG]: DevTools WebSocket Command: Runtime.evaluate (id=82) A46E4A837907CD59647646AF50DFA781 {
   "awaitPromise": true,
   "expression": "(function() { // Copyright (c) 2012 The Chromium Authors. All rights reserved.\n// Use of this source code is governed by a BSD-style license that can be\n// found in the LICENSE file.\n\n/**\n * Enum f...",
   "returnByValue": true
}
[1777542642.859][DEBUG]: DevTools WebSocket Response: Runtime.evaluate (id=82) A46E4A837907CD59647646AF50DFA781 {
   "result": {
      "type": "object",
      "value": {
         "status": 0,
         "value": "search"
      }
   }
}
[1777542642.860][DEBUG]: DevTools WebSocket Command: Runtime.evaluate (id=83) A46E4A837907CD59647646AF50DFA781 {
   "awaitPromise": true,
   "expression": "(function() { // Copyright (c) 2012 The Chromium Authors. All rights reserved.\n// Use of this source code is governed by a BSD-style license that can be\n// found in the LICENSE file.\n\n/**\n * Enum f...",
   "returnByValue": true
}
[1777542642.868][DEBUG]: DevTools WebSocket Response: Runtime.evaluate (id=83) A46E4A837907CD59647646AF50DFA781 {
   "result": {
      "type": "object",
      "value": {
         "status": 0,
         "value": false
      }
   }
}
[1777542642.870][DEBUG]: DevTools WebSocket Command: Runtime.evaluate (id=84) A46E4A837907CD59647646AF50DFA781 {
   "awaitPromise": true,
   "expression": "(function() { // Copyright (c) 2012 The Chromium Authors. All rights reserved.\n// Use of this source code is governed by a BSD-style license that can be\n// found in the LICENSE file.\n\n/**\n * Enum f...",
   "returnByValue": true
}
[1777542642.875][DEBUG]: DevTools WebSocket Response: Runtime.evaluate (id=84) A46E4A837907CD59647646AF50DFA781 {
   "result": {
      "type": "object",
      "value": {
         "status": 0,
         "value": "INPUT"
      }
   }
}
[1777542642.875][DEBUG]: DevTools WebSocket Command: Runtime.evaluate (id=85) A46E4A837907CD59647646AF50DFA781 {
   "awaitPromise": false,
   "expression": "document.hasFocus()",
   "returnByValue": true
}
[1777542642.876][DEBUG]: DevTools WebSocket Response: Runtime.evaluate (id=85) A46E4A837907CD59647646AF50DFA781 {
   "result": {
      "type": "boolean",
      "value": true
   }
}
[1777542642.877][DEBUG]: DevTools WebSocket Command: Runtime.evaluate (id=86) A46E4A837907CD59647646AF50DFA781 {
   "awaitPromise": true,
   "expression": "(function() { // Copyright (c) 2012 The Chromium Authors. All rights reserved.\n// Use of this source code is governed by a BSD-style license that can be\n// found in the LICENSE file.\n\n/**\n * Enum f...",
   "returnByValue": true
}
[1777542642.880][DEBUG]: DevTools WebSocket Response: Runtime.evaluate (id=86) A46E4A837907CD59647646AF50DFA781 {
   "result": {
      "type": "object",
      "value": {
         "status": 0,
         "value": {
            "element-6066-11e4-a52e-4f735466cecf": "d64ce7fd-7759-4a39-9967-1a8823cbe2cb"
         }
      }
   }
}
[1777542642.881][DEBUG]: DevTools WebSocket Command: Input.dispatchKeyEvent (id=87) A46E4A837907CD59647646AF50DFA781 {
   "code": "KeyA",
   "key": "a",
   "modifiers": 0,
   "text": "a",
   "type": "rawKeyDown",
   "unmodifiedText": "a",
   "windowsVirtualKeyCode": 65
}
[1777542642.881][DEBUG]: DevTools WebSocket Command: Input.dispatchKeyEvent (id=88) A46E4A837907CD59647646AF50DFA781 {
   "code": "KeyA",
   "key": "a",
   "modifiers": 0,
   "text": "a",
   "type": "char",
   "unmodifiedText": "a",
   "windowsVirtualKeyCode": 65
}
[1777542642.882][DEBUG]: DevTools WebSocket Command: Input.dispatchKeyEvent (id=89) A46E4A837907CD59647646AF50DFA781 {
   "code": "KeyA",
   "key": "a",
   "modifiers": 0,
   "text": "a",
   "type": "keyUp",
   "unmodifiedText": "a",
   "windowsVirtualKeyCode": 65
}
[1777542642.882][DEBUG]: DevTools WebSocket Command: Input.dispatchKeyEvent (id=90) A46E4A837907CD59647646AF50DFA781 {
   "code": "KeyP",
   "key": "p",
   "modifiers": 0,
   "text": "p",
   "type": "rawKeyDown",
   "unmodifiedText": "p",
   "windowsVirtualKeyCode": 80
}
[1777542642.883][DEBUG]: DevTools WebSocket Command: Input.dispatchKeyEvent (id=91) A46E4A837907CD59647646AF50DFA781 {
   "code": "KeyP",
   "key": "p",
   "modifiers": 0,
   "text": "p",
   "type": "char",
   "unmodifiedText": "p",
   "windowsVirtualKeyCode": 80
}
[1777542642.884][DEBUG]: DevTools WebSocket Command: Input.dispatchKeyEvent (id=92) A46E4A837907CD59647646AF50DFA781 {
   "code": "KeyP",
   "key": "p",
   "modifiers": 0,
   "text": "p",
   "type": "keyUp",
   "unmodifiedText": "p",
   "windowsVirtualKeyCode": 80
}
[1777542642.884][DEBUG]: DevTools WebSocket Command: Input.dispatchKeyEvent (id=93) A46E4A837907CD59647646AF50DFA781 {
   "code": "KeyP",
   "key": "p",
   "modifiers": 0,
   "text": "p",
   "type": "rawKeyDown",
   "unmodifiedText": "p",
   "windowsVirtualKeyCode": 80
}
[1777542642.885][DEBUG]: DevTools WebSocket Command: Input.dispatchKeyEvent (id=94) A46E4A837907CD59647646AF50DFA781 {
   "code": "KeyP",
   "key": "p",
   "modifiers": 0,
   "text": "p",
   "type": "char",
   "unmodifiedText": "p",
   "windowsVirtualKeyCode": 80
}
[1777542642.887][DEBUG]: DevTools WebSocket Command: Input.dispatchKeyEvent (id=95) A46E4A837907CD59647646AF50DFA781 {
   "code": "KeyP",
   "key": "p",
   "modifiers": 0,
   "text": "p",
   "type": "keyUp",
   "unmodifiedText": "p",
   "windowsVirtualKeyCode": 80
}
[1777542642.888][DEBUG]: DevTools WebSocket Command: Input.dispatchKeyEvent (id=96) A46E4A837907CD59647646AF50DFA781 {
   "code": "KeyL",
   "key": "l",
   "modifiers": 0,
   "text": "l",
   "type": "rawKeyDown",
   "unmodifiedText": "l",
   "windowsVirtualKeyCode": 76
}
[1777542642.888][DEBUG]: DevTools WebSocket Command: Input.dispatchKeyEvent (id=97) A46E4A837907CD59647646AF50DFA781 {
   "code": "KeyL",
   "key": "l",
   "modifiers": 0,
   "text": "l",
   "type": "char",
   "unmodifiedText": "l",
   "windowsVirtualKeyCode": 76
}
[1777542642.888][DEBUG]: DevTools WebSocket Command: Input.dispatchKeyEvent (id=98) A46E4A837907CD59647646AF50DFA781 {
   "code": "KeyL",
   "key": "l",
   "modifiers": 0,
   "text": "l",
   "type": "keyUp",
   "unmodifiedText": "l",
   "windowsVirtualKeyCode": 76
}
[1777542642.889][DEBUG]: DevTools WebSocket Command: Input.dispatchKeyEvent (id=99) A46E4A837907CD59647646AF50DFA781 {
   "code": "KeyE",
   "key": "e",
   "modifiers": 0,
   "text": "e",
   "type": "rawKeyDown",
   "unmodifiedText": "e",
   "windowsVirtualKeyCode": 69
}
[1777542642.889][DEBUG]: DevTools WebSocket Command: Input.dispatchKeyEvent (id=100) A46E4A837907CD59647646AF50DFA781 {
   "code": "KeyE",
   "key": "e",
   "modifiers": 0,
   "text": "e",
   "type": "char",
   "unmodifiedText": "e",
   "windowsVirtualKeyCode": 69
}
[1777542642.890][DEBUG]: DevTools WebSocket Command: Input.dispatchKeyEvent (id=101) A46E4A837907CD59647646AF50DFA781 {
   "code": "KeyE",
   "key": "e",
   "modifiers": 0,
   "text": "e",
   "type": "keyUp",
   "unmodifiedText": "e",
   "windowsVirtualKeyCode": 69
}
[1777542642.890][DEBUG]: DevTools WebSocket Response: Input.dispatchKeyEvent (id=87) A46E4A837907CD59647646AF50DFA781 {

}
[1777542642.894][DEBUG]: DevTools WebSocket Response: Input.dispatchKeyEvent (id=88) A46E4A837907CD59647646AF50DFA781 {

}
[1777542642.894][DEBUG]: DevTools WebSocket Response: Input.dispatchKeyEvent (id=89) A46E4A837907CD59647646AF50DFA781 {

}
[1777542642.894][DEBUG]: DevTools WebSocket Response: Input.dispatchKeyEvent (id=90) A46E4A837907CD59647646AF50DFA781 {

}
[1777542642.896][DEBUG]: DevTools WebSocket Response: Input.dispatchKeyEvent (id=91) A46E4A837907CD59647646AF50DFA781 {

}
[1777542642.896][DEBUG]: DevTools WebSocket Response: Input.dispatchKeyEvent (id=92) A46E4A837907CD59647646AF50DFA781 {

}
[1777542642.897][DEBUG]: DevTools WebSocket Response: Input.dispatchKeyEvent (id=93) A46E4A837907CD59647646AF50DFA781 {

}
[1777542642.899][DEBUG]: DevTools WebSocket Response: Input.dispatchKeyEvent (id=94) A46E4A837907CD59647646AF50DFA781 {

}
[1777542642.899][DEBUG]: DevTools WebSocket Response: Input.dispatchKeyEvent (id=95) A46E4A837907CD59647646AF50DFA781 {

}
[1777542642.905][DEBUG]: DevTools WebSocket Response: Input.dispatchKeyEvent (id=96) A46E4A837907CD59647646AF50DFA781 {

}
[1777542642.907][DEBUG]: DevTools WebSocket Response: Input.dispatchKeyEvent (id=97) A46E4A837907CD59647646AF50DFA781 {

}
[1777542642.908][DEBUG]: DevTools WebSocket Response: Input.dispatchKeyEvent (id=98) A46E4A837907CD59647646AF50DFA781 {

}
[1777542642.908][DEBUG]: DevTools WebSocket Response: Input.dispatchKeyEvent (id=99) A46E4A837907CD59647646AF50DFA781 {

}
[1777542642.912][DEBUG]: DevTools WebSocket Response: Input.dispatchKeyEvent (id=100) A46E4A837907CD59647646AF50DFA781 {

}
[1777542642.912][DEBUG]: DevTools WebSocket Response: Input.dispatchKeyEvent (id=101) A46E4A837907CD59647646AF50DFA781 {

}
[1777542642.913][INFO]: Waiting for pending navigations...
[1777542642.913][DEBUG]: DevTools WebSocket Command: Runtime.evaluate (id=102) A46E4A837907CD59647646AF50DFA781 {
   "expression": "1"
}
[1777542642.929][DEBUG]: DevTools WebSocket Response: Runtime.evaluate (id=102) A46E4A837907CD59647646AF50DFA781 {
   "result": {
      "description": "1",
      "type": "number",
      "value": 1
   }
}
[1777542642.929][INFO]: Done waiting for pending navigations. Status: ok
[1777542642.929][INFO]: [b88cffaed75ed7d6c2d553a8980f3ec9] RESPONSE TypeElement
[1777542642.946][INFO]: [b88cffaed75ed7d6c2d553a8980f3ec9] COMMAND FindElement {
   "using": "xpath",
   "value": "//*[@id='typeahead-suggestions']/div/a[2]/div[1]/h3/em"
}
[1777542642.946][INFO]: Waiting for pending navigations...
[1777542642.946][DEBUG]: DevTools WebSocket Command: Runtime.evaluate (id=103) A46E4A837907CD59647646AF50DFA781 {
   "expression": "1"
}
[1777542642.951][DEBUG]: DevTools WebSocket Response: Runtime.evaluate (id=103) A46E4A837907CD59647646AF50DFA781 {
   "result": {
      "description": "1",
      "type": "number",
      "value": 1
   }
}
[1777542642.951][INFO]: Done waiting for pending navigations. Status: ok
[1777542642.954][DEBUG]: DevTools WebSocket Command: Runtime.evaluate (id=104) A46E4A837907CD59647646AF50DFA781 {
   "awaitPromise": true,
   "expression": "(function() { // Copyright (c) 2012 The Chromium Authors. All rights reserved.\n// Use of this source code is governed by a BSD-style license that can be\n// found in the LICENSE file.\n\n/**\n * Enum f...",
   "returnByValue": true
}
[1777542642.968][DEBUG]: DevTools WebSocket Response: Runtime.evaluate (id=104) A46E4A837907CD59647646AF50DFA781 {
   "result": {
      "type": "object",
      "value": {
         "status": 0,
         "value": null
      }
   }
}
[1777542643.021][DEBUG]: DevTools WebSocket Command: Runtime.evaluate (id=105) A46E4A837907CD59647646AF50DFA781 {
   "awaitPromise": true,
   "expression": "(function() { // Copyright (c) 2012 The Chromium Authors. All rights reserved.\n// Use of this source code is governed by a BSD-style license that can be\n// found in the LICENSE file.\n\n/**\n * Enum f...",
   "returnByValue": true
}
[1777542643.022][DEBUG]: DevTools WebSocket Event: DOM.childNodeCountUpdated A46E4A837907CD59647646AF50DFA781 {
   "childNodeCount": 19,
   "nodeId": 27
}
[1777542643.026][DEBUG]: DevTools WebSocket Response: Runtime.evaluate (id=105) A46E4A837907CD59647646AF50DFA781 {
   "result": {
      "type": "object",
      "value": {
         "status": 0,
         "value": null
      }
   }
}
[1777542643.078][DEBUG]: DevTools WebSocket Command: Runtime.evaluate (id=106) A46E4A837907CD59647646AF50DFA781 {
   "awaitPromise": true,
   "expression": "(function() { // Copyright (c) 2012 The Chromium Authors. All rights reserved.\n// Use of this source code is governed by a BSD-style license that can be\n// found in the LICENSE file.\n\n/**\n * Enum f...",
   "returnByValue": true
}
[1777542643.083][DEBUG]: DevTools WebSocket Response: Runtime.evaluate (id=106) A46E4A837907CD59647646AF50DFA781 {
   "result": {
      "type": "object",
      "value": {
         "status": 0,
         "value": null
      }
   }
}
[1777542643.135][DEBUG]: DevTools WebSocket Command: Runtime.evaluate (id=107) A46E4A837907CD59647646AF50DFA781 {
   "awaitPromise": true,
   "expression": "(function() { // Copyright (c) 2012 The Chromium Authors. All rights reserved.\n// Use of this source code is governed by a BSD-style license that can be\n// found in the LICENSE file.\n\n/**\n * Enum f...",
   "returnByValue": true
}
[1777542643.141][DEBUG]: DevTools WebSocket Response: Runtime.evaluate (id=107) A46E4A837907CD59647646AF50DFA781 {
   "result": {
      "type": "object",
      "value": {
         "status": 0,
         "value": null
      }
   }
}
[1777542643.194][DEBUG]: DevTools WebSocket Command: Runtime.evaluate (id=108) A46E4A837907CD59647646AF50DFA781 {
   "awaitPromise": true,
   "expression": "(function() { // Copyright (c) 2012 The Chromium Authors. All rights reserved.\n// Use of this source code is governed by a BSD-style license that can be\n// found in the LICENSE file.\n\n/**\n * Enum f...",
   "returnByValue": true
}
[1777542643.198][DEBUG]: DevTools WebSocket Response: Runtime.evaluate (id=108) A46E4A837907CD59647646AF50DFA781 {
   "result": {
      "type": "object",
      "value": {
         "status": 0,
         "value": null
      }
   }
}
[1777542643.251][DEBUG]: DevTools WebSocket Command: Runtime.evaluate (id=109) A46E4A837907CD59647646AF50DFA781 {
   "awaitPromise": true,
   "expression": "(function() { // Copyright (c) 2012 The Chromium Authors. All rights reserved.\n// Use of this source code is governed by a BSD-style license that can be\n// found in the LICENSE file.\n\n/**\n * Enum f...",
   "returnByValue": true
}
[1777542643.258][DEBUG]: DevTools WebSocket Response: Runtime.evaluate (id=109) A46E4A837907CD59647646AF50DFA781 {
   "result": {
      "type": "object",
      "value": {
         "status": 0,
         "value": null
      }
   }
}
[1777542643.317][DEBUG]: DevTools WebSocket Command: Runtime.evaluate (id=110) A46E4A837907CD59647646AF50DFA781 {
   "awaitPromise": true,
   "expression": "(function() { // Copyright (c) 2012 The Chromium Authors. All rights reserved.\n// Use of this source code is governed by a BSD-style license that can be\n// found in the LICENSE file.\n\n/**\n * Enum f...",
   "returnByValue": true
}
[1777542643.322][DEBUG]: DevTools WebSocket Response: Runtime.evaluate (id=110) A46E4A837907CD59647646AF50DFA781 {
   "result": {
      "type": "object",
      "value": {
         "status": 0,
         "value": null
      }
   }
}
[1777542643.375][DEBUG]: DevTools WebSocket Command: Runtime.evaluate (id=111) A46E4A837907CD59647646AF50DFA781 {
   "awaitPromise": true,
   "expression": "(function() { // Copyright (c) 2012 The Chromium Authors. All rights reserved.\n// Use of this source code is governed by a BSD-style license that can be\n// found in the LICENSE file.\n\n/**\n * Enum f...",
   "returnByValue": true
}
[1777542643.380][DEBUG]: DevTools WebSocket Response: Runtime.evaluate (id=111) A46E4A837907CD59647646AF50DFA781 {
   "result": {
      "type": "object",
      "value": {
         "status": 0,
         "value": {
            "element-6066-11e4-a52e-4f735466cecf": "3a3283f9-471b-4cc2-8785-744273ee5f32"
         }
      }
   }
}
[1777542643.380][INFO]: Waiting for pending navigations...
[1777542643.380][DEBUG]: DevTools WebSocket Command: Runtime.evaluate (id=112) A46E4A837907CD59647646AF50DFA781 {
   "expression": "1"
}
[1777542643.381][DEBUG]: DevTools WebSocket Response: Runtime.evaluate (id=112) A46E4A837907CD59647646AF50DFA781 {
   "result": {
      "description": "1",
      "type": "number",
      "value": 1
   }
}
[1777542643.381][INFO]: Done waiting for pending navigations. Status: ok
[1777542643.381][INFO]: [b88cffaed75ed7d6c2d553a8980f3ec9] RESPONSE FindElement {
   "element-6066-11e4-a52e-4f735466cecf": "3a3283f9-471b-4cc2-8785-744273ee5f32"
}
[1777542643.409][INFO]: [b88cffaed75ed7d6c2d553a8980f3ec9] COMMAND ClickElement {
   "id": "3a3283f9-471b-4cc2-8785-744273ee5f32"
}
[1777542643.409][INFO]: Waiting for pending navigations...
[1777542643.409][DEBUG]: DevTools WebSocket Command: Runtime.evaluate (id=113) A46E4A837907CD59647646AF50DFA781 {
   "expression": "1"
}
[1777542643.422][DEBUG]: DevTools WebSocket Response: Runtime.evaluate (id=113) A46E4A837907CD59647646AF50DFA781 {
   "result": {
      "description": "1",
      "type": "number",
      "value": 1
   }
}
[1777542643.422][INFO]: Done waiting for pending navigations. Status: ok
[1777542643.423][DEBUG]: DevTools WebSocket Command: Runtime.evaluate (id=114) A46E4A837907CD59647646AF50DFA781 {
   "awaitPromise": true,
   "expression": "(function() { // Copyright (c) 2012 The Chromium Authors. All rights reserved.\n// Use of this source code is governed by a BSD-style license that can be\n// found in the LICENSE file.\n\n/**\n * Enum f...",
   "returnByValue": true
}
[1777542643.426][DEBUG]: DevTools WebSocket Event: Log.entryAdded A46E4A837907CD59647646AF50DFA781 {
   "entry": {
      "level": "error",
      "networkRequestId": "708.39",
      "source": "network",
      "text": "Failed to load resource: the server responded with a status of 429 ()",
      "timestamp": 1.777542643425783e+12,
      "url": "https://upload.wikimedia.org/wikipedia/commons/thumb/b/bb/Christina_Applegate_2014_Comic_Con_%28cropped%29.jpg/60px-Christina_Applegate_2014_Comic_Con_%28cropped%29.jpg"
   }
}
[1777542643.427][DEBUG]: DevTools WebSocket Event: Log.entryAdded A46E4A837907CD59647646AF50DFA781 {
   "entry": {
      "level": "error",
      "networkRequestId": "708.40",
      "source": "network",
      "text": "Failed to load resource: the server responded with a status of 429 ()",
      "timestamp": 1.77754264342605e+12,
      "url": "https://upload.wikimedia.org/wikipedia/commons/thumb/d/df/Mac_Mini_M1_chip.jpg/60px-Mac_Mini_M1_chip.jpg"
   }
}
[1777542643.441][DEBUG]: DevTools WebSocket Response: Runtime.evaluate (id=114) A46E4A837907CD59647646AF50DFA781 {
   "result": {
      "type": "object",
      "value": {
         "status": 0,
         "value": "em"
      }
   }
}
[1777542643.442][DEBUG]: DevTools WebSocket Command: Runtime.evaluate (id=115) A46E4A837907CD59647646AF50DFA781 {
   "awaitPromise": true,
   "expression": "(function() { // Copyright (c) 2012 The Chromium Authors. All rights reserved.\n// Use of this source code is governed by a BSD-style license that can be\n// found in the LICENSE file.\n\n/**\n * Enum f...",
   "returnByValue": true
}
[1777542643.447][DEBUG]: DevTools WebSocket Response: Runtime.evaluate (id=115) A46E4A837907CD59647646AF50DFA781 {
   "result": {
      "type": "object",
      "value": {
         "status": 0,
         "value": "em"
      }
   }
}
[1777542643.449][DEBUG]: DevTools WebSocket Command: Runtime.evaluate (id=116) A46E4A837907CD59647646AF50DFA781 {
   "awaitPromise": true,
   "expression": "(function() { // Copyright (c) 2012 The Chromium Authors. All rights reserved.\n// Use of this source code is governed by a BSD-style license that can be\n// found in the LICENSE file.\n\n/**\n * Enum f...",
   "returnByValue": true
}
[1777542643.467][DEBUG]: DevTools WebSocket Response: Runtime.evaluate (id=116) A46E4A837907CD59647646AF50DFA781 {
   "result": {
      "type": "object",
      "value": {
         "status": 0,
         "value": true
      }
   }
}
[1777542643.468][DEBUG]: DevTools WebSocket Command: Runtime.evaluate (id=117) A46E4A837907CD59647646AF50DFA781 {
   "awaitPromise": true,
   "expression": "(function() { // Copyright (c) 2012 The Chromium Authors. All rights reserved.\n// Use of this source code is governed by a BSD-style license that can be\n// found in the LICENSE file.\n\n/**\n * Enum f...",
   "returnByValue": true
}
[1777542643.477][DEBUG]: DevTools WebSocket Response: Runtime.evaluate (id=117) A46E4A837907CD59647646AF50DFA781 {
   "result": {
      "type": "object",
      "value": {
         "status": 0,
         "value": {
            "height": 17,
            "left": 0,
            "top": 0,
            "width": 44.453125
         }
      }
   }
}
[1777542643.479][DEBUG]: DevTools WebSocket Command: Runtime.evaluate (id=118) A46E4A837907CD59647646AF50DFA781 {
   "awaitPromise": true,
   "expression": "(function() { // Copyright (c) 2012 The Chromium Authors. All rights reserved.\n// Use of this source code is governed by a BSD-style license that can be\n// found in the LICENSE file.\n\n/**\n * Enum f...",
   "returnByValue": true
}
[1777542643.493][DEBUG]: DevTools WebSocket Response: Runtime.evaluate (id=118) A46E4A837907CD59647646AF50DFA781 {
   "result": {
      "type": "object",
      "value": {
         "status": 0,
         "value": {
            "ceil": {

            },
            "clone": {

            },
            "floor": {

            },
            "round": {

            },
            "scale": {

            },
            "translate": {

            },
            "x": 813.40625,
            "y": 596.25
         }
      }
   }
}
[1777542643.495][DEBUG]: DevTools WebSocket Command: Runtime.evaluate (id=119) A46E4A837907CD59647646AF50DFA781 {
   "awaitPromise": true,
   "expression": "(function() { // Copyright (c) 2012 The Chromium Authors. All rights reserved.\n// Use of this source code is governed by a BSD-style license that can be\n// found in the LICENSE file.\n\n/**\n * Enum f...",
   "returnByValue": true
}
[1777542643.508][DEBUG]: DevTools WebSocket Response: Runtime.evaluate (id=119) A46E4A837907CD59647646AF50DFA781 {
   "result": {
      "type": "object",
      "value": {
         "status": 0,
         "value": {
            "clickable": true
         }
      }
   }
}
[1777542643.508][DEBUG]: DevTools WebSocket Command: Input.dispatchMouseEvent (id=120) A46E4A837907CD59647646AF50DFA781 {
   "button": "none",
   "buttons": 0,
   "clickCount": 0,
   "force": 0.0,
   "modifiers": 0,
   "pointerType": "mouse",
   "tangentialPressure": 0.0,
   "tiltX": 0,
   "tiltY": 0,
   "twist": 0,
   "type": "mouseMoved",
   "x": 835,
   "y": 604
}
[1777542643.508][DEBUG]: DevTools WebSocket Command: Input.dispatchMouseEvent (id=121) A46E4A837907CD59647646AF50DFA781 {
   "button": "left",
   "buttons": 0,
   "clickCount": 1,
   "force": 0.0,
   "modifiers": 0,
   "pointerType": "mouse",
   "tangentialPressure": 0.0,
   "tiltX": 0,
   "tiltY": 0,
   "twist": 0,
   "type": "mousePressed",
   "x": 835,
   "y": 604
}
[1777542643.508][DEBUG]: DevTools WebSocket Command: Input.dispatchMouseEvent (id=122) A46E4A837907CD59647646AF50DFA781 {
   "button": "left",
   "buttons": 1,
   "clickCount": 1,
   "force": 0.0,
   "modifiers": 0,
   "pointerType": "mouse",
   "tangentialPressure": 0.0,
   "tiltX": 0,
   "tiltY": 0,
   "twist": 0,
   "type": "mouseReleased",
   "x": 835,
   "y": 604
}
[1777542643.513][DEBUG]: DevTools WebSocket Response: Input.dispatchMouseEvent (id=120) A46E4A837907CD59647646AF50DFA781 {

}
[1777542643.525][DEBUG]: DevTools WebSocket Response: Input.dispatchMouseEvent (id=121) A46E4A837907CD59647646AF50DFA781 {

}
[1777542643.526][DEBUG]: DevTools WebSocket Event: Page.frameScheduledNavigation A46E4A837907CD59647646AF50DFA781 {
   "delay": 0,
   "frameId": "A46E4A837907CD59647646AF50DFA781",
   "reason": "anchorClick",
   "url": "https://en.wikipedia.org/wiki/Apple_Inc."
}
[1777542643.527][DEBUG]: DevTools WebSocket Event: Page.frameRequestedNavigation A46E4A837907CD59647646AF50DFA781 {
   "disposition": "currentTab",
   "frameId": "A46E4A837907CD59647646AF50DFA781",
   "reason": "anchorClick",
   "url": "https://en.wikipedia.org/wiki/Apple_Inc."
}
[1777542643.528][DEBUG]: DevTools WebSocket Event: Page.frameStartedLoading A46E4A837907CD59647646AF50DFA781 {
   "frameId": "A46E4A837907CD59647646AF50DFA781"
}
[1777542643.534][DEBUG]: DevTools WebSocket Event: Page.frameClearedScheduledNavigation A46E4A837907CD59647646AF50DFA781 {
   "frameId": "A46E4A837907CD59647646AF50DFA781"
}
[1777542643.534][DEBUG]: DevTools WebSocket Response: Input.dispatchMouseEvent (id=122) A46E4A837907CD59647646AF50DFA781 {

}
[1777542643.534][INFO]: Waiting for pending navigations...
[1777542643.534][DEBUG]: DevTools WebSocket Command: Runtime.evaluate (id=123) A46E4A837907CD59647646AF50DFA781 {
   "expression": "1"
}
[1777542643.656][DEBUG]: DevTools WebSocket Event: Runtime.executionContextsCleared A46E4A837907CD59647646AF50DFA781 {

}
[1777542643.656][DEBUG]: DevTools WebSocket Event: Page.frameNavigated A46E4A837907CD59647646AF50DFA781 {
   "frame": {
      "adFrameType": "none",
      "crossOriginIsolatedContextType": "NotIsolated",
      "domainAndRegistry": "wikipedia.org",
      "gatedAPIFeatures": [ "SharedArrayBuffersTransferAllowed" ],
      "id": "A46E4A837907CD59647646AF50DFA781",
      "loaderId": "4379F219584BBEA4DAFC2199030BFA90",
      "mimeType": "text/html",
      "secureContextType": "Secure",
      "securityOrigin": "https://en.wikipedia.org",
      "url": "https://en.wikipedia.org/wiki/Apple_Inc."
   }
}
[1777542643.656][DEBUG]: DevTools WebSocket Event: Runtime.executionContextCreated A46E4A837907CD59647646AF50DFA781 {
   "context": {
      "auxData": {
         "frameId": "A46E4A837907CD59647646AF50DFA781",
         "isDefault": true,
         "type": "default"
      },
      "id": 4,
      "name": "",
      "origin": "https://en.wikipedia.org",
      "uniqueId": "1729723991390696864.2420245032857228064"
   }
}
[1777542643.656][DEBUG]: DevTools WebSocket Event: DOM.documentUpdated A46E4A837907CD59647646AF50DFA781 {

}
[1777542643.656][DEBUG]: DevTools WebSocket Command: DOM.getDocument (id=124) A46E4A837907CD59647646AF50DFA781 {

}
[1777542643.669][DEBUG]: DevTools WebSocket Response: Runtime.evaluate (id=123) A46E4A837907CD59647646AF50DFA781 {
   "result": {
      "description": "1",
      "type": "number",
      "value": 1
   }
}
[1777542643.715][DEBUG]: DevTools WebSocket Response: DOM.getDocument (id=124) A46E4A837907CD59647646AF50DFA781 {
   "root": {
      "backendNodeId": 230,
      "baseURL": "https://en.wikipedia.org/wiki/Apple_Inc.",
      "childNodeCount": 2,
      "children": [ {
         "backendNodeId": 231,
         "localName": "",
         "nodeId": 30,
         "nodeName": "html",
         "nodeType": 10,
         "nodeValue": "",
         "parentId": 29,
         "publicId": "",
         "systemId": ""
      }, {
         "attributes": [ "class", "client-js vector-feature-language-in-header-enabled vector-feature-language-in-main-menu-disabled vector-feature-language-in-main-page-header-disabled vector-feature-page-tools-pinned-disabled vect...", "lang", "en", "dir", "ltr" ],
         "backendNodeId": 232,
         "childNodeCount": 2,
         "children": [ {
            "attributes": [  ],
            "backendNodeId": 233,
            "childNodeCount": 29,
            "localName": "head",
            "nodeId": 32,
            "nodeName": "HEAD",
            "nodeType": 1,
            "nodeValue": "",
            "parentId": 31
         }, {
            "attributes": [ "class", "skin--responsive skin-vector skin-vector-search-vue mediawiki ltr sitedir-ltr mw-hide-empty-elt ns-0 ns-subject page-Apple_Inc rootpage-Apple_Inc skin-vector-2022 action-view" ],
            "backendNodeId": 234,
            "childNodeCount": 4,
            "localName": "body",
            "nodeId": 33,
            "nodeName": "BODY",
            "nodeType": 1,
            "nodeValue": "",
            "parentId": 31
         } ],
         "frameId": "A46E4A837907CD59647646AF50DFA781",
         "localName": "html",
         "nodeId": 31,
         "nodeName": "HTML",
         "nodeType": 1,
         "nodeValue": "",
         "parentId": 29
      } ],
      "documentURL": "https://en.wikipedia.org/wiki/Apple_Inc.",
      "localName": "",
      "nodeId": 29,
      "nodeName": "#document",
      "nodeType": 9,
      "nodeValue": "",
      "xmlVersion": ""
   }
}
[1777542643.715][DEBUG]: DevTools WebSocket Command: Runtime.evaluate (id=125) A46E4A837907CD59647646AF50DFA781 {
   "expression": "1"
}
[1777542643.775][DEBUG]: DevTools WebSocket Response: Runtime.evaluate (id=125) A46E4A837907CD59647646AF50DFA781 {
   "result": {
      "description": "1",
      "type": "number",
      "value": 1
   }
}
[1777542644.276][DEBUG]: DevTools WebSocket Command: Runtime.evaluate (id=126) A46E4A837907CD59647646AF50DFA781 {
   "expression": "1"
}
[1777542644.540][DEBUG]: DevTools WebSocket Event: DOM.childNodeCountUpdated A46E4A837907CD59647646AF50DFA781 {
   "childNodeCount": 30,
   "nodeId": 32
}
[1777542644.540][DEBUG]: DevTools WebSocket Event: DOM.childNodeCountUpdated A46E4A837907CD59647646AF50DFA781 {
   "childNodeCount": 31,
   "nodeId": 32
}
[1777542644.540][DEBUG]: DevTools WebSocket Event: DOM.childNodeCountUpdated A46E4A837907CD59647646AF50DFA781 {
   "childNodeCount": 32,
   "nodeId": 32
}
[1777542644.741][DEBUG]: DevTools WebSocket Response: Runtime.evaluate (id=126) A46E4A837907CD59647646AF50DFA781 {
   "result": {
      "description": "1",
      "type": "number",
      "value": 1
   }
}
[1777542644.827][DEBUG]: DevTools WebSocket Event: Page.frameResized A46E4A837907CD59647646AF50DFA781 {

}
[1777542644.827][DEBUG]: DevTools WebSocket Command: Runtime.evaluate (id=127) A46E4A837907CD59647646AF50DFA781 {
   "expression": "1"
}
[1777542644.884][DEBUG]: DevTools WebSocket Response: Runtime.evaluate (id=127) A46E4A837907CD59647646AF50DFA781 {
   "result": {
      "description": "1",
      "type": "number",
      "value": 1
   }
}
[1777542645.106][DEBUG]: DevTools WebSocket Event: DOM.childNodeCountUpdated A46E4A837907CD59647646AF50DFA781 {
   "childNodeCount": 31,
   "nodeId": 32
}
[1777542645.106][DEBUG]: DevTools WebSocket Command: Runtime.evaluate (id=128) A46E4A837907CD59647646AF50DFA781 {
   "expression": "1"
}
[1777542645.121][DEBUG]: DevTools WebSocket Event: DOM.childNodeCountUpdated A46E4A837907CD59647646AF50DFA781 {
   "childNodeCount": 30,
   "nodeId": 32
}
[1777542645.216][DEBUG]: DevTools WebSocket Response: Runtime.evaluate (id=128) A46E4A837907CD59647646AF50DFA781 {
   "result": {
      "description": "1",
      "type": "number",
      "value": 1
   }
}
[1777542645.247][DEBUG]: DevTools WebSocket Event: DOM.childNodeCountUpdated A46E4A837907CD59647646AF50DFA781 {
   "childNodeCount": 29,
   "nodeId": 32
}
[1777542645.247][DEBUG]: DevTools WebSocket Command: Runtime.evaluate (id=129) A46E4A837907CD59647646AF50DFA781 {
   "expression": "1"
}
[1777542645.350][DEBUG]: DevTools WebSocket Event: DOM.childNodeInserted A46E4A837907CD59647646AF50DFA781 {
   "node": {
      "attributes": [  ],
      "backendNodeId": 309,
      "childNodeCount": 0,
      "localName": "fieldset",
      "nodeId": 34,
      "nodeName": "FIELDSET",
      "nodeType": 1,
      "nodeValue": ""
   },
   "parentNodeId": 31,
   "previousNodeId": 33
}
[1777542645.351][DEBUG]: DevTools WebSocket Event: DOM.attributeModified A46E4A837907CD59647646AF50DFA781 {
   "name": "id",
   "nodeId": 34,
   "value": "jQuery371007688757911603972"
}
[1777542645.351][DEBUG]: DevTools WebSocket Event: DOM.childNodeRemoved A46E4A837907CD59647646AF50DFA781 {
   "nodeId": 34,
   "parentNodeId": 31
}
[1777542645.351][DEBUG]: DevTools WebSocket Event: DOM.childNodeInserted A46E4A837907CD59647646AF50DFA781 {
   "node": {
      "attributes": [  ],
      "backendNodeId": 310,
      "childNodeCount": 0,
      "localName": "fieldset",
      "nodeId": 35,
      "nodeName": "FIELDSET",
      "nodeType": 1,
      "nodeValue": ""
   },
   "parentNodeId": 31,
   "previousNodeId": 33
}
[1777542645.351][DEBUG]: DevTools WebSocket Event: DOM.childNodeCountUpdated A46E4A837907CD59647646AF50DFA781 {
   "childNodeCount": 1,
   "nodeId": 35
}
[1777542645.351][DEBUG]: DevTools WebSocket Event: DOM.childNodeCountUpdated A46E4A837907CD59647646AF50DFA781 {
   "childNodeCount": 2,
   "nodeId": 35
}
[1777542645.351][DEBUG]: DevTools WebSocket Event: DOM.childNodeCountUpdated A46E4A837907CD59647646AF50DFA781 {
   "childNodeCount": 3,
   "nodeId": 35
}
[1777542645.351][DEBUG]: DevTools WebSocket Event: DOM.childNodeRemoved A46E4A837907CD59647646AF50DFA781 {
   "nodeId": 35,
   "parentNodeId": 31
}
[1777542645.351][DEBUG]: DevTools WebSocket Event: DOM.childNodeInserted A46E4A837907CD59647646AF50DFA781 {
   "node": {
      "attributes": [  ],
      "backendNodeId": 310,
      "childNodeCount": 3,
      "localName": "fieldset",
      "nodeId": 36,
      "nodeName": "FIELDSET",
      "nodeType": 1,
      "nodeValue": ""
   },
   "parentNodeId": 31,
   "previousNodeId": 33
}
[1777542645.351][DEBUG]: DevTools WebSocket Event: DOM.attributeModified A46E4A837907CD59647646AF50DFA781 {
   "name": "disabled",
   "nodeId": 36,
   "value": ""
}
[1777542645.351][DEBUG]: DevTools WebSocket Event: DOM.childNodeCountUpdated A46E4A837907CD59647646AF50DFA781 {
   "childNodeCount": 4,
   "nodeId": 36
}
[1777542645.351][DEBUG]: DevTools WebSocket Event: DOM.childNodeRemoved A46E4A837907CD59647646AF50DFA781 {
   "nodeId": 36,
   "parentNodeId": 31
}
[1777542645.351][DEBUG]: DevTools WebSocket Event: DOM.childNodeCountUpdated A46E4A837907CD59647646AF50DFA781 {
   "childNodeCount": 30,
   "nodeId": 32
}
[1777542645.351][DEBUG]: DevTools WebSocket Event: DOM.childNodeCountUpdated A46E4A837907CD59647646AF50DFA781 {
   "childNodeCount": 31,
   "nodeId": 32
}
[1777542645.351][DEBUG]: DevTools WebSocket Event: DOM.childNodeCountUpdated A46E4A837907CD59647646AF50DFA781 {
   "childNodeCount": 32,
   "nodeId": 32
}
[1777542645.351][DEBUG]: DevTools WebSocket Event: DOM.childNodeCountUpdated A46E4A837907CD59647646AF50DFA781 {
   "childNodeCount": 31,
   "nodeId": 32
}
[1777542645.521][DEBUG]: DevTools WebSocket Event: DOM.childNodeCountUpdated A46E4A837907CD59647646AF50DFA781 {
   "childNodeCount": 32,
   "nodeId": 32
}
[1777542645.521][DEBUG]: DevTools WebSocket Event: DOM.childNodeCountUpdated A46E4A837907CD59647646AF50DFA781 {
   "childNodeCount": 5,
   "nodeId": 33
}
[1777542645.521][DEBUG]: DevTools WebSocket Event: DOM.childNodeCountUpdated A46E4A837907CD59647646AF50DFA781 {
   "childNodeCount": 33,
   "nodeId": 32
}
[1777542645.521][DEBUG]: DevTools WebSocket Response: Runtime.evaluate (id=129) A46E4A837907CD59647646AF50DFA781 {
   "result": {
      "description": "1",
      "type": "number",
      "value": 1
   }
}
[1777542645.573][DEBUG]: DevTools WebSocket Event: Runtime.consoleAPICalled A46E4A837907CD59647646AF50DFA781 {
   "args": [ {
      "type": "string",
      "value": "Use of \"mw.testKitchen.compat.getExperiment()\" is deprecated. mw.testKitchen.compat.getExperiment() is provided for backwards compatibility with existing experiment code. Use mw.testKitchen.getExpe..."
   } ],
   "executionContextId": 4,
   "stackTrace": {
      "callFrames": [ {
         "columnNumber": 434,
         "functionName": "maybeLog",
         "lineNumber": 671,
         "scriptId": "40",
         "url": "https://en.wikipedia.org/w/load.php?lang=en&modules=ext.centralNotice.bannerHistoryLogger%2CchoiceData%2Cdisplay%2CgeoIP%2CimpressionDiet%2CkvStore%2ClargeBannerLimit%2ClegacySupport%2CstartUp%7Cex..."
      }, {
         "columnNumber": 713,
         "functionName": "get",
         "lineNumber": 671,
         "scriptId": "40",
         "url": "https://en.wikipedia.org/w/load.php?lang=en&modules=ext.centralNotice.bannerHistoryLogger%2CchoiceData%2Cdisplay%2CgeoIP%2CimpressionDiet%2CkvStore%2ClargeBannerLimit%2ClegacySupport%2CstartUp%7Cex..."
      }, {
         "columnNumber": 455,
         "functionName": "",
         "lineNumber": 247,
         "scriptId": "40",
         "url": "https://en.wikipedia.org/w/load.php?lang=en&modules=ext.centralNotice.bannerHistoryLogger%2CchoiceData%2Cdisplay%2CgeoIP%2CimpressionDiet%2CkvStore%2ClargeBannerLimit%2ClegacySupport%2CstartUp%7Cex..."
      }, {
         "columnNumber": 982,
         "functionName": "mightThrow",
         "lineNumber": 429,
         "scriptId": "40",
         "url": "https://en.wikipedia.org/w/load.php?lang=en&modules=ext.centralNotice.bannerHistoryLogger%2CchoiceData%2Cdisplay%2CgeoIP%2CimpressionDiet%2CkvStore%2ClargeBannerLimit%2ClegacySupport%2CstartUp%7Cex..."
      }, {
         "columnNumber": 642,
         "functionName": "process",
         "lineNumber": 430,
         "scriptId": "40",
         "url": "https://en.wikipedia.org/w/load.php?lang=en&modules=ext.centralNotice.bannerHistoryLogger%2CchoiceData%2Cdisplay%2CgeoIP%2CimpressionDiet%2CkvStore%2ClargeBannerLimit%2ClegacySupport%2CstartUp%7Cex..."
      } ]
   },
   "timestamp": 1.7775426455719631e+12,
   "type": "warning"
}
[1777542645.573][DEBUG]: DevTools WebSocket Command: Runtime.evaluate (id=130) A46E4A837907CD59647646AF50DFA781 {
   "expression": "1"
}
[1777542645.779][DEBUG]: DevTools WebSocket Event: DOM.childNodeCountUpdated A46E4A837907CD59647646AF50DFA781 {
   "childNodeCount": 34,
   "nodeId": 32
}
[1777542645.790][DEBUG]: DevTools WebSocket Response: Runtime.evaluate (id=130) A46E4A837907CD59647646AF50DFA781 {
   "result": {
      "description": "1",
      "type": "number",
      "value": 1
   }
}
[1777542645.828][DEBUG]: DevTools WebSocket Event: DOM.childNodeCountUpdated A46E4A837907CD59647646AF50DFA781 {
   "childNodeCount": 33,
   "nodeId": 32
}
[1777542645.828][DEBUG]: DevTools WebSocket Command: Runtime.evaluate (id=131) A46E4A837907CD59647646AF50DFA781 {
   "expression": "1"
}
[1777542645.829][DEBUG]: DevTools WebSocket Event: DOM.childNodeCountUpdated A46E4A837907CD59647646AF50DFA781 {
   "childNodeCount": 32,
   "nodeId": 32
}
[1777542645.961][DEBUG]: DevTools WebSocket Event: DOM.childNodeCountUpdated A46E4A837907CD59647646AF50DFA781 {
   "childNodeCount": 33,
   "nodeId": 32
}
[1777542645.962][DEBUG]: DevTools WebSocket Event: DOM.attributeModified A46E4A837907CD59647646AF50DFA781 {
   "name": "class",
   "nodeId": 31,
   "value": "client-js vector-feature-language-in-header-enabled vector-feature-language-in-main-menu-disabled vector-feature-language-in-main-page-header-disabled vector-feature-page-tools-pinned-disabled vect..."
}
[1777542645.975][DEBUG]: DevTools WebSocket Response: Runtime.evaluate (id=131) A46E4A837907CD59647646AF50DFA781 {
   "result": {
      "description": "1",
      "type": "number",
      "value": 1
   }
}
[1777542645.975][DEBUG]: DevTools WebSocket Event: DOM.childNodeCountUpdated A46E4A837907CD59647646AF50DFA781 {
   "childNodeCount": 32,
   "nodeId": 32
}
[1777542645.975][DEBUG]: DevTools WebSocket Command: Runtime.evaluate (id=132) A46E4A837907CD59647646AF50DFA781 {
   "expression": "1"
}
[1777542646.224][DEBUG]: DevTools WebSocket Event: DOM.childNodeCountUpdated A46E4A837907CD59647646AF50DFA781 {
   "childNodeCount": 33,
   "nodeId": 32
}
[1777542646.224][DEBUG]: DevTools WebSocket Response: Runtime.evaluate (id=132) A46E4A837907CD59647646AF50DFA781 {
   "result": {
      "description": "1",
      "type": "number",
      "value": 1
   }
}
[1777542646.725][DEBUG]: DevTools WebSocket Command: Runtime.evaluate (id=133) A46E4A837907CD59647646AF50DFA781 {
   "expression": "1"
}
[1777542647.030][DEBUG]: DevTools WebSocket Event: DOM.childNodeCountUpdated A46E4A837907CD59647646AF50DFA781 {
   "childNodeCount": 34,
   "nodeId": 32
}
[1777542647.052][DEBUG]: DevTools WebSocket Response: Runtime.evaluate (id=133) A46E4A837907CD59647646AF50DFA781 {
   "result": {
      "description": "1",
      "type": "number",
      "value": 1
   }
}
[1777542647.143][DEBUG]: DevTools WebSocket Event: DOM.childNodeCountUpdated A46E4A837907CD59647646AF50DFA781 {
   "childNodeCount": 6,
   "nodeId": 33
}
[1777542647.144][DEBUG]: DevTools WebSocket Event: DOM.childNodeCountUpdated A46E4A837907CD59647646AF50DFA781 {
   "childNodeCount": 7,
   "nodeId": 33
}
[1777542647.144][DEBUG]: DevTools WebSocket Command: Runtime.evaluate (id=134) A46E4A837907CD59647646AF50DFA781 {
   "expression": "1"
}
[1777542647.222][DEBUG]: DevTools WebSocket Event: DOM.childNodeCountUpdated A46E4A837907CD59647646AF50DFA781 {
   "childNodeCount": 8,
   "nodeId": 33
}
[1777542647.222][DEBUG]: DevTools WebSocket Event: DOM.childNodeCountUpdated A46E4A837907CD59647646AF50DFA781 {
   "childNodeCount": 9,
   "nodeId": 33
}
[1777542647.222][DEBUG]: DevTools WebSocket Event: DOM.attributeModified A46E4A837907CD59647646AF50DFA781 {
   "name": "class",
   "nodeId": 31,
   "value": "client-js vector-feature-language-in-header-enabled vector-feature-language-in-main-menu-disabled vector-feature-language-in-main-page-header-disabled vector-feature-page-tools-pinned-disabled vect..."
}
[1777542647.222][DEBUG]: DevTools WebSocket Event: DOM.attributeModified A46E4A837907CD59647646AF50DFA781 {
   "name": "class",
   "nodeId": 33,
   "value": "skin--responsive skin-vector skin-vector-search-vue mediawiki ltr sitedir-ltr mw-hide-empty-elt ns-0 ns-subject page-Apple_Inc rootpage-Apple_Inc skin-vector-2022 action-view uls-dialog-sticky-hide"
}
[1777542647.222][DEBUG]: DevTools WebSocket Event: DOM.attributeModified A46E4A837907CD59647646AF50DFA781 {
   "name": "class",
   "nodeId": 31,
   "value": "client-js vector-feature-language-in-header-enabled vector-feature-language-in-main-menu-disabled vector-feature-language-in-main-page-header-disabled vector-feature-page-tools-pinned-disabled vect..."
}
[1777542647.222][DEBUG]: DevTools WebSocket Event: DOM.documentUpdated A46E4A837907CD59647646AF50DFA781 {

}
[1777542647.222][DEBUG]: DevTools WebSocket Command: DOM.getDocument (id=135) A46E4A837907CD59647646AF50DFA781 {

}
[1777542647.223][DEBUG]: DevTools WebSocket Event: Page.domContentEventFired A46E4A837907CD59647646AF50DFA781 {
   "timestamp": 13316.839075
}
[1777542647.223][DEBUG]: DevTools WebSocket Response: Runtime.evaluate (id=134) A46E4A837907CD59647646AF50DFA781 {
   "result": {
      "description": "1",
      "type": "number",
      "value": 1
   }
}
[1777542647.458][DEBUG]: DevTools WebSocket Response: DOM.getDocument (id=135) A46E4A837907CD59647646AF50DFA781 {
   "root": {
      "backendNodeId": 230,
      "baseURL": "https://en.wikipedia.org/wiki/Apple_Inc.",
      "childNodeCount": 2,
      "children": [ {
         "backendNodeId": 231,
         "localName": "",
         "nodeId": 38,
         "nodeName": "html",
         "nodeType": 10,
         "nodeValue": "",
         "parentId": 37,
         "publicId": "",
         "systemId": ""
      }, {
         "attributes": [ "class", "client-js vector-feature-language-in-header-enabled vector-feature-language-in-main-menu-disabled vector-feature-language-in-main-page-header-disabled vector-feature-page-tools-pinned-disabled vect...", "lang", "en", "dir", "ltr" ],
         "backendNodeId": 232,
         "childNodeCount": 2,
         "children": [ {
            "attributes": [  ],
            "backendNodeId": 233,
            "childNodeCount": 35,
            "localName": "head",
            "nodeId": 40,
            "nodeName": "HEAD",
            "nodeType": 1,
            "nodeValue": "",
            "parentId": 39
         }, {
            "attributes": [ "class", "skin--responsive skin-vector skin-vector-search-vue mediawiki ltr sitedir-ltr mw-hide-empty-elt ns-0 ns-subject page-Apple_Inc rootpage-Apple_Inc skin-vector-2022 action-view uls-dialog-sticky-hide" ],
            "backendNodeId": 234,
            "childNodeCount": 11,
            "localName": "body",
            "nodeId": 41,
            "nodeName": "BODY",
            "nodeType": 1,
            "nodeValue": "",
            "parentId": 39
         } ],
         "frameId": "A46E4A837907CD59647646AF50DFA781",
         "localName": "html",
         "nodeId": 39,
         "nodeName": "HTML",
         "nodeType": 1,
         "nodeValue": "",
         "parentId": 37
      } ],
      "documentURL": "https://en.wikipedia.org/wiki/Apple_Inc.",
      "localName": "",
      "nodeId": 37,
      "nodeName": "#document",
      "nodeType": 9,
      "nodeValue": "",
      "xmlVersion": ""
   }
}
[1777542647.458][DEBUG]: DevTools WebSocket Command: Runtime.evaluate (id=136) A46E4A837907CD59647646AF50DFA781 {
   "expression": "1"
}
[1777542647.641][DEBUG]: DevTools WebSocket Event: Page.loadEventFired A46E4A837907CD59647646AF50DFA781 {
   "timestamp": 13317.241674
}
[1777542647.641][DEBUG]: DevTools WebSocket Command: Runtime.evaluate (id=137) A46E4A837907CD59647646AF50DFA781 {
   "awaitPromise": false,
   "expression": "document.readyState",
   "returnByValue": true
}
[1777542647.642][DEBUG]: DevTools WebSocket Event: Page.frameStoppedLoading A46E4A837907CD59647646AF50DFA781 {
   "frameId": "A46E4A837907CD59647646AF50DFA781"
}
[1777542647.667][DEBUG]: DevTools WebSocket Response: Runtime.evaluate (id=136) A46E4A837907CD59647646AF50DFA781 {
   "result": {
      "description": "1",
      "type": "number",
      "value": 1
   }
}
[1777542647.709][DEBUG]: DevTools WebSocket Response: Runtime.evaluate (id=137) A46E4A837907CD59647646AF50DFA781 {
   "result": {
      "type": "string",
      "value": "complete"
   }
}
[1777542647.709][INFO]: Done waiting for pending navigations. Status: ok
[1777542647.709][INFO]: [b88cffaed75ed7d6c2d553a8980f3ec9] RESPONSE ClickElement
[1777542647.728][INFO]: [b88cffaed75ed7d6c2d553a8980f3ec9] COMMAND GetUrl {

}
[1777542647.728][INFO]: Waiting for pending navigations...
[1777542647.728][DEBUG]: DevTools WebSocket Command: Runtime.evaluate (id=138) A46E4A837907CD59647646AF50DFA781 {
   "expression": "1"
}
[1777542647.728][DEBUG]: DevTools WebSocket Response: Runtime.evaluate (id=138) A46E4A837907CD59647646AF50DFA781 {
   "result": {
      "description": "1",
      "type": "number",
      "value": 1
   }
}
[1777542647.728][INFO]: Done waiting for pending navigations. Status: ok
[1777542647.729][DEBUG]: DevTools WebSocket Command: Runtime.evaluate (id=139) A46E4A837907CD59647646AF50DFA781 {
   "awaitPromise": true,
   "expression": "(function() { // Copyright (c) 2012 The Chromium Authors. All rights reserved.\n// Use of this source code is governed by a BSD-style license that can be\n// found in the LICENSE file.\n\n/**\n * Enum f...",
   "returnByValue": true
}
[1777542647.731][DEBUG]: DevTools WebSocket Response: Runtime.evaluate (id=139) A46E4A837907CD59647646AF50DFA781 {
   "result": {
      "type": "object",
      "value": {
         "status": 0,
         "value": "https://en.wikipedia.org/wiki/Apple_Inc."
      }
   }
}
[1777542647.731][INFO]: Waiting for pending navigations...
[1777542647.731][DEBUG]: DevTools WebSocket Command: Runtime.evaluate (id=140) A46E4A837907CD59647646AF50DFA781 {
   "expression": "1"
}
[1777542647.758][DEBUG]: DevTools WebSocket Response: Runtime.evaluate (id=140) A46E4A837907CD59647646AF50DFA781 {
   "result": {
      "description": "1",
      "type": "number",
      "value": 1
   }
}
[1777542647.758][INFO]: Done waiting for pending navigations. Status: ok
[1777542647.758][INFO]: [b88cffaed75ed7d6c2d553a8980f3ec9] RESPONSE GetUrl "https://en.wikipedia.org/wiki/Apple_Inc."
[1777542647.786][INFO]: [b88cffaed75ed7d6c2d553a8980f3ec9] COMMAND FindElements {
   "using": "xpath",
   "value": "//*[@id='mw-content-text']/div[2]/table[1]/tbody/tr[9]/td/div/ul/li/a"
}
[1777542647.786][INFO]: Waiting for pending navigations...
[1777542647.786][DEBUG]: DevTools WebSocket Command: Runtime.evaluate (id=141) A46E4A837907CD59647646AF50DFA781 {
   "expression": "1"
}
[1777542647.787][DEBUG]: DevTools WebSocket Response: Runtime.evaluate (id=141) A46E4A837907CD59647646AF50DFA781 {
   "result": {
      "description": "1",
      "type": "number",
      "value": 1
   }
}
[1777542647.787][INFO]: Done waiting for pending navigations. Status: ok
[1777542647.790][DEBUG]: DevTools WebSocket Command: Runtime.evaluate (id=142) A46E4A837907CD59647646AF50DFA781 {
   "awaitPromise": true,
   "expression": "(function() { // Copyright (c) 2012 The Chromium Authors. All rights reserved.\n// Use of this source code is governed by a BSD-style license that can be\n// found in the LICENSE file.\n\n/**\n * Enum f...",
   "returnByValue": true
}
[1777542647.818][DEBUG]: DevTools WebSocket Response: Runtime.evaluate (id=142) A46E4A837907CD59647646AF50DFA781 {
   "result": {
      "type": "object",
      "value": {
         "status": 0,
         "value": [ {
            "element-6066-11e4-a52e-4f735466cecf": "9d806371-221c-4716-943a-0a7603f63ac7"
         }, {
            "element-6066-11e4-a52e-4f735466cecf": "470ff475-764e-4570-8186-d2d699f6ead0"
         }, {
            "element-6066-11e4-a52e-4f735466cecf": "ca414b42-ea30-41d3-9553-7f225795af7c"
         } ]
      }
   }
}
[1777542647.818][INFO]: Waiting for pending navigations...
[1777542647.818][DEBUG]: DevTools WebSocket Command: Runtime.evaluate (id=143) A46E4A837907CD59647646AF50DFA781 {
   "expression": "1"
}
[1777542647.819][DEBUG]: DevTools WebSocket Response: Runtime.evaluate (id=143) A46E4A837907CD59647646AF50DFA781 {
   "result": {
      "description": "1",
      "type": "number",
      "value": 1
   }
}
[1777542647.819][INFO]: Done waiting for pending navigations. Status: ok
[1777542647.819][INFO]: [b88cffaed75ed7d6c2d553a8980f3ec9] RESPONSE FindElements [ {
   "element-6066-11e4-a52e-4f735466cecf": "9d806371-221c-4716-943a-0a7603f63ac7"
}, {
   "element-6066-11e4-a52e-4f735466cecf": "470ff475-764e-4570-8186-d2d699f6ead0"
}, {
   "element-6066-11e4-a52e-4f735466cecf": "ca414b42-ea30-41d3-9553-7f225795af7c"
} ]
[1777542647.915][INFO]: [b88cffaed75ed7d6c2d553a8980f3ec9] COMMAND GetElementText {
   "id": "9d806371-221c-4716-943a-0a7603f63ac7"
}
[1777542647.915][INFO]: Waiting for pending navigations...
[1777542647.915][DEBUG]: DevTools WebSocket Command: Runtime.evaluate (id=144) A46E4A837907CD59647646AF50DFA781 {
   "expression": "1"
}
[1777542647.916][DEBUG]: DevTools WebSocket Response: Runtime.evaluate (id=144) A46E4A837907CD59647646AF50DFA781 {
   "result": {
      "description": "1",
      "type": "number",
      "value": 1
   }
}
[1777542647.916][INFO]: Done waiting for pending navigations. Status: ok
[1777542647.918][DEBUG]: DevTools WebSocket Command: Runtime.evaluate (id=145) A46E4A837907CD59647646AF50DFA781 {
   "awaitPromise": true,
   "expression": "(function() { // Copyright (c) 2012 The Chromium Authors. All rights reserved.\n// Use of this source code is governed by a BSD-style license that can be\n// found in the LICENSE file.\n\n/**\n * Enum f...",
   "returnByValue": true
}
[1777542647.928][DEBUG]: DevTools WebSocket Response: Runtime.evaluate (id=145) A46E4A837907CD59647646AF50DFA781 {
   "result": {
      "type": "object",
      "value": {
         "status": 0,
         "value": "Steve Jobs"
      }
   }
}
[1777542647.929][INFO]: Waiting for pending navigations...
[1777542647.929][DEBUG]: DevTools WebSocket Command: Runtime.evaluate (id=146) A46E4A837907CD59647646AF50DFA781 {
   "expression": "1"
}
[1777542647.930][DEBUG]: DevTools WebSocket Response: Runtime.evaluate (id=146) A46E4A837907CD59647646AF50DFA781 {
   "result": {
      "description": "1",
      "type": "number",
      "value": 1
   }
}
[1777542647.930][INFO]: Done waiting for pending navigations. Status: ok
[1777542647.930][INFO]: [b88cffaed75ed7d6c2d553a8980f3ec9] RESPONSE GetElementText "Steve Jobs"
[1777542647.956][INFO]: [b88cffaed75ed7d6c2d553a8980f3ec9] COMMAND Navigate {
   "url": "https://www.wikipedia.org/"
}
[1777542647.956][INFO]: Waiting for pending navigations...
[1777542647.956][DEBUG]: DevTools WebSocket Command: Runtime.evaluate (id=147) A46E4A837907CD59647646AF50DFA781 {
   "expression": "1"
}
[1777542647.958][DEBUG]: DevTools WebSocket Response: Runtime.evaluate (id=147) A46E4A837907CD59647646AF50DFA781 {
   "result": {
      "description": "1",
      "type": "number",
      "value": 1
   }
}
[1777542647.958][INFO]: Done waiting for pending navigations. Status: ok
[1777542647.958][DEBUG]: DevTools WebSocket Command: Page.navigate (id=148) A46E4A837907CD59647646AF50DFA781 {
   "url": "https://www.wikipedia.org/"
}
[1777542648.027][DEBUG]: DevTools WebSocket Response: Page.navigate (id=148) A46E4A837907CD59647646AF50DFA781 {
   "frameId": "A46E4A837907CD59647646AF50DFA781",
   "loaderId": "BE0C9C2E1642407A4E30814C01EDEE48"
}
[1777542648.027][DEBUG]: DevTools WebSocket Command: Runtime.evaluate (id=149) A46E4A837907CD59647646AF50DFA781 {
   "expression": "document.URL"
}
[1777542648.032][DEBUG]: DevTools WebSocket Event: Page.frameStartedLoading A46E4A837907CD59647646AF50DFA781 {
   "frameId": "A46E4A837907CD59647646AF50DFA781"
}
[1777542648.072][DEBUG]: DevTools WebSocket Event: Runtime.executionContextsCleared A46E4A837907CD59647646AF50DFA781 {

}
[1777542648.072][DEBUG]: DevTools WebSocket Event: Page.frameNavigated A46E4A837907CD59647646AF50DFA781 {
   "frame": {
      "adFrameType": "none",
      "crossOriginIsolatedContextType": "NotIsolated",
      "domainAndRegistry": "wikipedia.org",
      "gatedAPIFeatures": [ "SharedArrayBuffersTransferAllowed" ],
      "id": "A46E4A837907CD59647646AF50DFA781",
      "loaderId": "BE0C9C2E1642407A4E30814C01EDEE48",
      "mimeType": "text/html",
      "secureContextType": "Secure",
      "securityOrigin": "https://www.wikipedia.org",
      "url": "https://www.wikipedia.org/"
   }
}
[1777542648.072][DEBUG]: DevTools WebSocket Event: Runtime.executionContextCreated A46E4A837907CD59647646AF50DFA781 {
   "context": {
      "auxData": {
         "frameId": "A46E4A837907CD59647646AF50DFA781",
         "isDefault": true,
         "type": "default"
      },
      "id": 5,
      "name": "",
      "origin": "https://www.wikipedia.org",
      "uniqueId": "4890691839435665670.-2301394229176710524"
   }
}
[1777542648.072][DEBUG]: DevTools WebSocket Event: DOM.documentUpdated A46E4A837907CD59647646AF50DFA781 {

}
[1777542648.072][DEBUG]: DevTools WebSocket Command: DOM.getDocument (id=150) A46E4A837907CD59647646AF50DFA781 {

}
[1777542648.073][DEBUG]: DevTools WebSocket Response: Runtime.evaluate (id=149) A46E4A837907CD59647646AF50DFA781 {
   "result": {
      "type": "string",
      "value": "https://www.wikipedia.org/"
   }
}
[1777542648.073][INFO]: Waiting for pending navigations...
[1777542648.073][DEBUG]: DevTools WebSocket Command: Runtime.evaluate (id=151) A46E4A837907CD59647646AF50DFA781 {
   "expression": "1"
}
[1777542648.084][DEBUG]: DevTools WebSocket Response: DOM.getDocument (id=150) A46E4A837907CD59647646AF50DFA781 {
   "root": {
      "backendNodeId": 332,
      "baseURL": "https://www.wikipedia.org/",
      "childNodeCount": 2,
      "children": [ {
         "backendNodeId": 333,
         "localName": "",
         "nodeId": 43,
         "nodeName": "html",
         "nodeType": 10,
         "nodeValue": "",
         "parentId": 42,
         "publicId": "",
         "systemId": ""
      }, {
         "attributes": [ "lang", "en", "class", "js-enabled" ],
         "backendNodeId": 334,
         "childNodeCount": 2,
         "children": [ {
            "attributes": [  ],
            "backendNodeId": 335,
            "childNodeCount": 17,
            "localName": "head",
            "nodeId": 45,
            "nodeName": "HEAD",
            "nodeType": 1,
            "nodeValue": "",
            "parentId": 44
         }, {
            "attributes": [ "id", "www-wikipedia-org" ],
            "backendNodeId": 336,
            "childNodeCount": 1,
            "localName": "body",
            "nodeId": 46,
            "nodeName": "BODY",
            "nodeType": 1,
            "nodeValue": "",
            "parentId": 44
         } ],
         "frameId": "A46E4A837907CD59647646AF50DFA781",
         "localName": "html",
         "nodeId": 44,
         "nodeName": "HTML",
         "nodeType": 1,
         "nodeValue": "",
         "parentId": 42
      } ],
      "documentURL": "https://www.wikipedia.org/",
      "localName": "",
      "nodeId": 42,
      "nodeName": "#document",
      "nodeType": 9,
      "nodeValue": "",
      "xmlVersion": ""
   }
}
[1777542648.120][DEBUG]: DevTools WebSocket Response: Runtime.evaluate (id=151) A46E4A837907CD59647646AF50DFA781 {
   "result": {
      "description": "1",
      "type": "number",
      "value": 1
   }
}
[1777542648.126][DEBUG]: DevTools WebSocket Event: DOM.childNodeCountUpdated A46E4A837907CD59647646AF50DFA781 {
   "childNodeCount": 2,
   "nodeId": 46
}
[1777542648.126][DEBUG]: DevTools WebSocket Command: Runtime.evaluate (id=152) A46E4A837907CD59647646AF50DFA781 {
   "expression": "1"
}
[1777542648.196][DEBUG]: DevTools WebSocket Event: DOM.childNodeCountUpdated A46E4A837907CD59647646AF50DFA781 {
   "childNodeCount": 3,
   "nodeId": 46
}
[1777542648.196][DEBUG]: DevTools WebSocket Event: DOM.childNodeCountUpdated A46E4A837907CD59647646AF50DFA781 {
   "childNodeCount": 4,
   "nodeId": 46
}
[1777542648.196][DEBUG]: DevTools WebSocket Event: DOM.attributeModified A46E4A837907CD59647646AF50DFA781 {
   "name": "class",
   "nodeId": 46,
   "value": " jsl10n-visible"
}
[1777542648.196][DEBUG]: DevTools WebSocket Event: DOM.childNodeCountUpdated A46E4A837907CD59647646AF50DFA781 {
   "childNodeCount": 5,
   "nodeId": 46
}
[1777542648.196][DEBUG]: DevTools WebSocket Event: DOM.childNodeCountUpdated A46E4A837907CD59647646AF50DFA781 {
   "childNodeCount": 6,
   "nodeId": 46
}
[1777542648.196][DEBUG]: DevTools WebSocket Event: DOM.childNodeCountUpdated A46E4A837907CD59647646AF50DFA781 {
   "childNodeCount": 18,
   "nodeId": 45
}
[1777542648.196][DEBUG]: DevTools WebSocket Event: DOM.documentUpdated A46E4A837907CD59647646AF50DFA781 {

}
[1777542648.196][DEBUG]: DevTools WebSocket Command: DOM.getDocument (id=153) A46E4A837907CD59647646AF50DFA781 {

}
[1777542648.196][DEBUG]: DevTools WebSocket Event: Page.domContentEventFired A46E4A837907CD59647646AF50DFA781 {
   "timestamp": 13317.812995
}
[1777542648.196][DEBUG]: DevTools WebSocket Response: Runtime.evaluate (id=152) A46E4A837907CD59647646AF50DFA781 {
   "result": {
      "description": "1",
      "type": "number",
      "value": 1
   }
}
[1777542648.203][DEBUG]: DevTools WebSocket Event: Page.frameResized A46E4A837907CD59647646AF50DFA781 {

}
[1777542648.203][DEBUG]: DevTools WebSocket Command: Runtime.evaluate (id=154) A46E4A837907CD59647646AF50DFA781 {
   "expression": "1"
}
[1777542648.205][DEBUG]: DevTools WebSocket Event: Page.loadEventFired A46E4A837907CD59647646AF50DFA781 {
   "timestamp": 13317.820691
}
[1777542648.205][DEBUG]: DevTools WebSocket Command: Runtime.evaluate (id=155) A46E4A837907CD59647646AF50DFA781 {
   "awaitPromise": false,
   "expression": "document.readyState",
   "returnByValue": true
}
[1777542648.206][DEBUG]: DevTools WebSocket Event: Page.frameStoppedLoading A46E4A837907CD59647646AF50DFA781 {
   "frameId": "A46E4A837907CD59647646AF50DFA781"
}
[1777542648.208][DEBUG]: DevTools WebSocket Response: DOM.getDocument (id=153) A46E4A837907CD59647646AF50DFA781 {
   "root": {
      "backendNodeId": 332,
      "baseURL": "https://www.wikipedia.org/",
      "childNodeCount": 2,
      "children": [ {
         "backendNodeId": 333,
         "localName": "",
         "nodeId": 48,
         "nodeName": "html",
         "nodeType": 10,
         "nodeValue": "",
         "parentId": 47,
         "publicId": "",
         "systemId": ""
      }, {
         "attributes": [ "lang", "en", "class", "js-enabled" ],
         "backendNodeId": 334,
         "childNodeCount": 2,
         "children": [ {
            "attributes": [  ],
            "backendNodeId": 335,
            "childNodeCount": 18,
            "localName": "head",
            "nodeId": 50,
            "nodeName": "HEAD",
            "nodeType": 1,
            "nodeValue": "",
            "parentId": 49
         }, {
            "attributes": [ "id", "www-wikipedia-org", "class", " jsl10n-visible" ],
            "backendNodeId": 336,
            "childNodeCount": 6,
            "localName": "body",
            "nodeId": 51,
            "nodeName": "BODY",
            "nodeType": 1,
            "nodeValue": "",
            "parentId": 49
         } ],
         "frameId": "A46E4A837907CD59647646AF50DFA781",
         "localName": "html",
         "nodeId": 49,
         "nodeName": "HTML",
         "nodeType": 1,
         "nodeValue": "",
         "parentId": 47
      } ],
      "documentURL": "https://www.wikipedia.org/",
      "localName": "",
      "nodeId": 47,
      "nodeName": "#document",
      "nodeType": 9,
      "nodeValue": "",
      "xmlVersion": ""
   }
}
[1777542648.208][DEBUG]: DevTools WebSocket Response: Runtime.evaluate (id=154) A46E4A837907CD59647646AF50DFA781 {
   "result": {
      "description": "1",
      "type": "number",
      "value": 1
   }
}
[1777542648.208][DEBUG]: DevTools WebSocket Response: Runtime.evaluate (id=155) A46E4A837907CD59647646AF50DFA781 {
   "result": {
      "type": "string",
      "value": "complete"
   }
}
[1777542648.208][INFO]: Done waiting for pending navigations. Status: ok
[1777542648.208][INFO]: [b88cffaed75ed7d6c2d553a8980f3ec9] RESPONSE Navigate
[1777542648.226][INFO]: [b88cffaed75ed7d6c2d553a8980f3ec9] COMMAND FindElement {
   "using": "css selector",
   "value": "#searchInput"
}
[1777542648.226][INFO]: Waiting for pending navigations...
[1777542648.226][DEBUG]: DevTools WebSocket Command: Runtime.evaluate (id=156) A46E4A837907CD59647646AF50DFA781 {
   "expression": "1"
}
[1777542648.229][DEBUG]: DevTools WebSocket Response: Runtime.evaluate (id=156) A46E4A837907CD59647646AF50DFA781 {
   "result": {
      "description": "1",
      "type": "number",
      "value": 1
   }
}
[1777542648.229][INFO]: Done waiting for pending navigations. Status: ok
[1777542648.232][DEBUG]: DevTools WebSocket Command: Runtime.evaluate (id=157) A46E4A837907CD59647646AF50DFA781 {
   "awaitPromise": true,
   "expression": "(function() { // Copyright (c) 2012 The Chromium Authors. All rights reserved.\n// Use of this source code is governed by a BSD-style license that can be\n// found in the LICENSE file.\n\n/**\n * Enum f...",
   "returnByValue": true
}
[1777542648.236][DEBUG]: DevTools WebSocket Response: Runtime.evaluate (id=157) A46E4A837907CD59647646AF50DFA781 {
   "result": {
      "type": "object",
      "value": {
         "status": 0,
         "value": {
            "element-6066-11e4-a52e-4f735466cecf": "ed6aac4d-8a96-4360-a219-d15634ac9a95"
         }
      }
   }
}
[1777542648.237][INFO]: Waiting for pending navigations...
[1777542648.237][DEBUG]: DevTools WebSocket Command: Runtime.evaluate (id=158) A46E4A837907CD59647646AF50DFA781 {
   "expression": "1"
}
[1777542648.237][DEBUG]: DevTools WebSocket Response: Runtime.evaluate (id=158) A46E4A837907CD59647646AF50DFA781 {
   "result": {
      "description": "1",
      "type": "number",
      "value": 1
   }
}
[1777542648.237][INFO]: Done waiting for pending navigations. Status: ok
[1777542648.237][INFO]: [b88cffaed75ed7d6c2d553a8980f3ec9] RESPONSE FindElement {
   "element-6066-11e4-a52e-4f735466cecf": "ed6aac4d-8a96-4360-a219-d15634ac9a95"
}
[1777542648.260][INFO]: [b88cffaed75ed7d6c2d553a8980f3ec9] COMMAND TypeElement {
   "id": "ed6aac4d-8a96-4360-a219-d15634ac9a95",
   "text": "microsoft",
   "value": [ "m", "i", "c", "r", "o", "s", "o", "f", "t" ]
}
[1777542648.260][INFO]: Waiting for pending navigations...
[1777542648.260][DEBUG]: DevTools WebSocket Command: Runtime.evaluate (id=159) A46E4A837907CD59647646AF50DFA781 {
   "expression": "1"
}
[1777542648.260][DEBUG]: DevTools WebSocket Response: Runtime.evaluate (id=159) A46E4A837907CD59647646AF50DFA781 {
   "result": {
      "description": "1",
      "type": "number",
      "value": 1
   }
}
[1777542648.260][INFO]: Done waiting for pending navigations. Status: ok
[1777542648.263][DEBUG]: DevTools WebSocket Command: Runtime.evaluate (id=160) A46E4A837907CD59647646AF50DFA781 {
   "awaitPromise": true,
   "expression": "(function() { // Copyright (c) 2012 The Chromium Authors. All rights reserved.\n// Use of this source code is governed by a BSD-style license that can be\n// found in the LICENSE file.\n\n/**\n * Enum f...",
   "returnByValue": true
}
[1777542648.272][DEBUG]: DevTools WebSocket Response: Runtime.evaluate (id=160) A46E4A837907CD59647646AF50DFA781 {
   "result": {
      "type": "object",
      "value": {
         "status": 0,
         "value": "INPUT"
      }
   }
}
[1777542648.274][DEBUG]: DevTools WebSocket Command: Runtime.evaluate (id=161) A46E4A837907CD59647646AF50DFA781 {
   "awaitPromise": true,
   "expression": "(function() { // Copyright (c) 2012 The Chromium Authors. All rights reserved.\n// Use of this source code is governed by a BSD-style license that can be\n// found in the LICENSE file.\n\n/**\n * Enum f...",
   "returnByValue": true
}
[1777542648.282][DEBUG]: DevTools WebSocket Response: Runtime.evaluate (id=161) A46E4A837907CD59647646AF50DFA781 {
   "result": {
      "type": "object",
      "value": {
         "status": 0,
         "value": "search"
      }
   }
}
[1777542648.283][DEBUG]: DevTools WebSocket Command: Runtime.evaluate (id=162) A46E4A837907CD59647646AF50DFA781 {
   "awaitPromise": true,
   "expression": "(function() { // Copyright (c) 2012 The Chromium Authors. All rights reserved.\n// Use of this source code is governed by a BSD-style license that can be\n// found in the LICENSE file.\n\n/**\n * Enum f...",
   "returnByValue": true
}
[1777542648.286][DEBUG]: DevTools WebSocket Response: Runtime.evaluate (id=162) A46E4A837907CD59647646AF50DFA781 {
   "result": {
      "type": "object",
      "value": {
         "status": 0,
         "value": false
      }
   }
}
[1777542648.288][DEBUG]: DevTools WebSocket Command: Runtime.evaluate (id=163) A46E4A837907CD59647646AF50DFA781 {
   "awaitPromise": true,
   "expression": "(function() { // Copyright (c) 2012 The Chromium Authors. All rights reserved.\n// Use of this source code is governed by a BSD-style license that can be\n// found in the LICENSE file.\n\n/**\n * Enum f...",
   "returnByValue": true
}
[1777542648.291][DEBUG]: DevTools WebSocket Response: Runtime.evaluate (id=163) A46E4A837907CD59647646AF50DFA781 {
   "result": {
      "type": "object",
      "value": {
         "status": 0,
         "value": "INPUT"
      }
   }
}
[1777542648.291][DEBUG]: DevTools WebSocket Command: Runtime.evaluate (id=164) A46E4A837907CD59647646AF50DFA781 {
   "awaitPromise": false,
   "expression": "document.hasFocus()",
   "returnByValue": true
}
[1777542648.292][DEBUG]: DevTools WebSocket Response: Runtime.evaluate (id=164) A46E4A837907CD59647646AF50DFA781 {
   "result": {
      "type": "boolean",
      "value": true
   }
}
[1777542648.292][DEBUG]: DevTools WebSocket Command: Runtime.evaluate (id=165) A46E4A837907CD59647646AF50DFA781 {
   "awaitPromise": true,
   "expression": "(function() { // Copyright (c) 2012 The Chromium Authors. All rights reserved.\n// Use of this source code is governed by a BSD-style license that can be\n// found in the LICENSE file.\n\n/**\n * Enum f...",
   "returnByValue": true
}
[1777542648.293][DEBUG]: DevTools WebSocket Response: Runtime.evaluate (id=165) A46E4A837907CD59647646AF50DFA781 {
   "result": {
      "type": "object",
      "value": {
         "status": 0,
         "value": {
            "element-6066-11e4-a52e-4f735466cecf": "ed6aac4d-8a96-4360-a219-d15634ac9a95"
         }
      }
   }
}
[1777542648.293][DEBUG]: DevTools WebSocket Command: Input.dispatchKeyEvent (id=166) A46E4A837907CD59647646AF50DFA781 {
   "code": "KeyM",
   "key": "m",
   "modifiers": 0,
   "text": "m",
   "type": "rawKeyDown",
   "unmodifiedText": "m",
   "windowsVirtualKeyCode": 77
}
[1777542648.294][DEBUG]: DevTools WebSocket Command: Input.dispatchKeyEvent (id=167) A46E4A837907CD59647646AF50DFA781 {
   "code": "KeyM",
   "key": "m",
   "modifiers": 0,
   "text": "m",
   "type": "char",
   "unmodifiedText": "m",
   "windowsVirtualKeyCode": 77
}
[1777542648.294][DEBUG]: DevTools WebSocket Command: Input.dispatchKeyEvent (id=168) A46E4A837907CD59647646AF50DFA781 {
   "code": "KeyM",
   "key": "m",
   "modifiers": 0,
   "text": "m",
   "type": "keyUp",
   "unmodifiedText": "m",
   "windowsVirtualKeyCode": 77
}
[1777542648.294][DEBUG]: DevTools WebSocket Command: Input.dispatchKeyEvent (id=169) A46E4A837907CD59647646AF50DFA781 {
   "code": "KeyI",
   "key": "i",
   "modifiers": 0,
   "text": "i",
   "type": "rawKeyDown",
   "unmodifiedText": "i",
   "windowsVirtualKeyCode": 73
}
[1777542648.294][DEBUG]: DevTools WebSocket Command: Input.dispatchKeyEvent (id=170) A46E4A837907CD59647646AF50DFA781 {
   "code": "KeyI",
   "key": "i",
   "modifiers": 0,
   "text": "i",
   "type": "char",
   "unmodifiedText": "i",
   "windowsVirtualKeyCode": 73
}
[1777542648.295][DEBUG]: DevTools WebSocket Command: Input.dispatchKeyEvent (id=171) A46E4A837907CD59647646AF50DFA781 {
   "code": "KeyI",
   "key": "i",
   "modifiers": 0,
   "text": "i",
   "type": "keyUp",
   "unmodifiedText": "i",
   "windowsVirtualKeyCode": 73
}
[1777542648.295][DEBUG]: DevTools WebSocket Command: Input.dispatchKeyEvent (id=172) A46E4A837907CD59647646AF50DFA781 {
   "code": "KeyC",
   "key": "c",
   "modifiers": 0,
   "text": "c",
   "type": "rawKeyDown",
   "unmodifiedText": "c",
   "windowsVirtualKeyCode": 67
}
[1777542648.295][DEBUG]: DevTools WebSocket Command: Input.dispatchKeyEvent (id=173) A46E4A837907CD59647646AF50DFA781 {
   "code": "KeyC",
   "key": "c",
   "modifiers": 0,
   "text": "c",
   "type": "char",
   "unmodifiedText": "c",
   "windowsVirtualKeyCode": 67
}
[1777542648.295][DEBUG]: DevTools WebSocket Command: Input.dispatchKeyEvent (id=174) A46E4A837907CD59647646AF50DFA781 {
   "code": "KeyC",
   "key": "c",
   "modifiers": 0,
   "text": "c",
   "type": "keyUp",
   "unmodifiedText": "c",
   "windowsVirtualKeyCode": 67
}
[1777542648.295][DEBUG]: DevTools WebSocket Command: Input.dispatchKeyEvent (id=175) A46E4A837907CD59647646AF50DFA781 {
   "code": "KeyR",
   "key": "r",
   "modifiers": 0,
   "text": "r",
   "type": "rawKeyDown",
   "unmodifiedText": "r",
   "windowsVirtualKeyCode": 82
}
[1777542648.296][DEBUG]: DevTools WebSocket Command: Input.dispatchKeyEvent (id=176) A46E4A837907CD59647646AF50DFA781 {
   "code": "KeyR",
   "key": "r",
   "modifiers": 0,
   "text": "r",
   "type": "char",
   "unmodifiedText": "r",
   "windowsVirtualKeyCode": 82
}
[1777542648.296][DEBUG]: DevTools WebSocket Command: Input.dispatchKeyEvent (id=177) A46E4A837907CD59647646AF50DFA781 {
   "code": "KeyR",
   "key": "r",
   "modifiers": 0,
   "text": "r",
   "type": "keyUp",
   "unmodifiedText": "r",
   "windowsVirtualKeyCode": 82
}
[1777542648.296][DEBUG]: DevTools WebSocket Command: Input.dispatchKeyEvent (id=178) A46E4A837907CD59647646AF50DFA781 {
   "code": "KeyO",
   "key": "o",
   "modifiers": 0,
   "text": "o",
   "type": "rawKeyDown",
   "unmodifiedText": "o",
   "windowsVirtualKeyCode": 79
}
[1777542648.296][DEBUG]: DevTools WebSocket Command: Input.dispatchKeyEvent (id=179) A46E4A837907CD59647646AF50DFA781 {
   "code": "KeyO",
   "key": "o",
   "modifiers": 0,
   "text": "o",
   "type": "char",
   "unmodifiedText": "o",
   "windowsVirtualKeyCode": 79
}
[1777542648.296][DEBUG]: DevTools WebSocket Command: Input.dispatchKeyEvent (id=180) A46E4A837907CD59647646AF50DFA781 {
   "code": "KeyO",
   "key": "o",
   "modifiers": 0,
   "text": "o",
   "type": "keyUp",
   "unmodifiedText": "o",
   "windowsVirtualKeyCode": 79
}
[1777542648.297][DEBUG]: DevTools WebSocket Command: Input.dispatchKeyEvent (id=181) A46E4A837907CD59647646AF50DFA781 {
   "code": "KeyS",
   "key": "s",
   "modifiers": 0,
   "text": "s",
   "type": "rawKeyDown",
   "unmodifiedText": "s",
   "windowsVirtualKeyCode": 83
}
[1777542648.297][DEBUG]: DevTools WebSocket Command: Input.dispatchKeyEvent (id=182) A46E4A837907CD59647646AF50DFA781 {
   "code": "KeyS",
   "key": "s",
   "modifiers": 0,
   "text": "s",
   "type": "char",
   "unmodifiedText": "s",
   "windowsVirtualKeyCode": 83
}
[1777542648.297][DEBUG]: DevTools WebSocket Command: Input.dispatchKeyEvent (id=183) A46E4A837907CD59647646AF50DFA781 {
   "code": "KeyS",
   "key": "s",
   "modifiers": 0,
   "text": "s",
   "type": "keyUp",
   "unmodifiedText": "s",
   "windowsVirtualKeyCode": 83
}
[1777542648.297][DEBUG]: DevTools WebSocket Command: Input.dispatchKeyEvent (id=184) A46E4A837907CD59647646AF50DFA781 {
   "code": "KeyO",
   "key": "o",
   "modifiers": 0,
   "text": "o",
   "type": "rawKeyDown",
   "unmodifiedText": "o",
   "windowsVirtualKeyCode": 79
}
[1777542648.297][DEBUG]: DevTools WebSocket Command: Input.dispatchKeyEvent (id=185) A46E4A837907CD59647646AF50DFA781 {
   "code": "KeyO",
   "key": "o",
   "modifiers": 0,
   "text": "o",
   "type": "char",
   "unmodifiedText": "o",
   "windowsVirtualKeyCode": 79
}
[1777542648.298][DEBUG]: DevTools WebSocket Command: Input.dispatchKeyEvent (id=186) A46E4A837907CD59647646AF50DFA781 {
   "code": "KeyO",
   "key": "o",
   "modifiers": 0,
   "text": "o",
   "type": "keyUp",
   "unmodifiedText": "o",
   "windowsVirtualKeyCode": 79
}
[1777542648.298][DEBUG]: DevTools WebSocket Command: Input.dispatchKeyEvent (id=187) A46E4A837907CD59647646AF50DFA781 {
   "code": "KeyF",
   "key": "f",
   "modifiers": 0,
   "text": "f",
   "type": "rawKeyDown",
   "unmodifiedText": "f",
   "windowsVirtualKeyCode": 70
}
[1777542648.298][DEBUG]: DevTools WebSocket Command: Input.dispatchKeyEvent (id=188) A46E4A837907CD59647646AF50DFA781 {
   "code": "KeyF",
   "key": "f",
   "modifiers": 0,
   "text": "f",
   "type": "char",
   "unmodifiedText": "f",
   "windowsVirtualKeyCode": 70
}
[1777542648.298][DEBUG]: DevTools WebSocket Command: Input.dispatchKeyEvent (id=189) A46E4A837907CD59647646AF50DFA781 {
   "code": "KeyF",
   "key": "f",
   "modifiers": 0,
   "text": "f",
   "type": "keyUp",
   "unmodifiedText": "f",
   "windowsVirtualKeyCode": 70
}
[1777542648.298][DEBUG]: DevTools WebSocket Command: Input.dispatchKeyEvent (id=190) A46E4A837907CD59647646AF50DFA781 {
   "code": "KeyT",
   "key": "t",
   "modifiers": 0,
   "text": "t",
   "type": "rawKeyDown",
   "unmodifiedText": "t",
   "windowsVirtualKeyCode": 84
}
[1777542648.299][DEBUG]: DevTools WebSocket Command: Input.dispatchKeyEvent (id=191) A46E4A837907CD59647646AF50DFA781 {
   "code": "KeyT",
   "key": "t",
   "modifiers": 0,
   "text": "t",
   "type": "char",
   "unmodifiedText": "t",
   "windowsVirtualKeyCode": 84
}
[1777542648.299][DEBUG]: DevTools WebSocket Command: Input.dispatchKeyEvent (id=192) A46E4A837907CD59647646AF50DFA781 {
   "code": "KeyT",
   "key": "t",
   "modifiers": 0,
   "text": "t",
   "type": "keyUp",
   "unmodifiedText": "t",
   "windowsVirtualKeyCode": 84
}
[1777542648.299][DEBUG]: DevTools WebSocket Response: Input.dispatchKeyEvent (id=166) A46E4A837907CD59647646AF50DFA781 {

}
[1777542648.301][DEBUG]: DevTools WebSocket Response: Input.dispatchKeyEvent (id=167) A46E4A837907CD59647646AF50DFA781 {

}
[1777542648.301][DEBUG]: DevTools WebSocket Response: Input.dispatchKeyEvent (id=168) A46E4A837907CD59647646AF50DFA781 {

}
[1777542648.301][DEBUG]: DevTools WebSocket Response: Input.dispatchKeyEvent (id=169) A46E4A837907CD59647646AF50DFA781 {

}
[1777542648.303][DEBUG]: DevTools WebSocket Response: Input.dispatchKeyEvent (id=170) A46E4A837907CD59647646AF50DFA781 {

}
[1777542648.303][DEBUG]: DevTools WebSocket Response: Input.dispatchKeyEvent (id=171) A46E4A837907CD59647646AF50DFA781 {

}
[1777542648.303][DEBUG]: DevTools WebSocket Response: Input.dispatchKeyEvent (id=172) A46E4A837907CD59647646AF50DFA781 {

}
[1777542648.304][DEBUG]: DevTools WebSocket Response: Input.dispatchKeyEvent (id=173) A46E4A837907CD59647646AF50DFA781 {

}
[1777542648.304][DEBUG]: DevTools WebSocket Response: Input.dispatchKeyEvent (id=174) A46E4A837907CD59647646AF50DFA781 {

}
[1777542648.305][DEBUG]: DevTools WebSocket Response: Input.dispatchKeyEvent (id=175) A46E4A837907CD59647646AF50DFA781 {

}
[1777542648.306][DEBUG]: DevTools WebSocket Response: Input.dispatchKeyEvent (id=176) A46E4A837907CD59647646AF50DFA781 {

}
[1777542648.306][DEBUG]: DevTools WebSocket Response: Input.dispatchKeyEvent (id=177) A46E4A837907CD59647646AF50DFA781 {

}
[1777542648.306][DEBUG]: DevTools WebSocket Response: Input.dispatchKeyEvent (id=178) A46E4A837907CD59647646AF50DFA781 {

}
[1777542648.307][DEBUG]: DevTools WebSocket Response: Input.dispatchKeyEvent (id=179) A46E4A837907CD59647646AF50DFA781 {

}
[1777542648.307][DEBUG]: DevTools WebSocket Response: Input.dispatchKeyEvent (id=180) A46E4A837907CD59647646AF50DFA781 {

}
[1777542648.308][DEBUG]: DevTools WebSocket Response: Input.dispatchKeyEvent (id=181) A46E4A837907CD59647646AF50DFA781 {

}
[1777542648.309][DEBUG]: DevTools WebSocket Response: Input.dispatchKeyEvent (id=182) A46E4A837907CD59647646AF50DFA781 {

}
[1777542648.309][DEBUG]: DevTools WebSocket Response: Input.dispatchKeyEvent (id=183) A46E4A837907CD59647646AF50DFA781 {

}
[1777542648.309][DEBUG]: DevTools WebSocket Response: Input.dispatchKeyEvent (id=184) A46E4A837907CD59647646AF50DFA781 {

}
[1777542648.310][DEBUG]: DevTools WebSocket Response: Input.dispatchKeyEvent (id=185) A46E4A837907CD59647646AF50DFA781 {

}
[1777542648.310][DEBUG]: DevTools WebSocket Response: Input.dispatchKeyEvent (id=186) A46E4A837907CD59647646AF50DFA781 {

}
[1777542648.310][DEBUG]: DevTools WebSocket Response: Input.dispatchKeyEvent (id=187) A46E4A837907CD59647646AF50DFA781 {

}
[1777542648.311][DEBUG]: DevTools WebSocket Response: Input.dispatchKeyEvent (id=188) A46E4A837907CD59647646AF50DFA781 {

}
[1777542648.312][DEBUG]: DevTools WebSocket Response: Input.dispatchKeyEvent (id=189) A46E4A837907CD59647646AF50DFA781 {

}
[1777542648.312][DEBUG]: DevTools WebSocket Response: Input.dispatchKeyEvent (id=190) A46E4A837907CD59647646AF50DFA781 {

}
[1777542648.313][DEBUG]: DevTools WebSocket Response: Input.dispatchKeyEvent (id=191) A46E4A837907CD59647646AF50DFA781 {

}
[1777542648.313][DEBUG]: DevTools WebSocket Response: Input.dispatchKeyEvent (id=192) A46E4A837907CD59647646AF50DFA781 {

}
[1777542648.313][INFO]: Waiting for pending navigations...
[1777542648.313][DEBUG]: DevTools WebSocket Command: Runtime.evaluate (id=193) A46E4A837907CD59647646AF50DFA781 {
   "expression": "1"
}
[1777542648.317][DEBUG]: DevTools WebSocket Response: Runtime.evaluate (id=193) A46E4A837907CD59647646AF50DFA781 {
   "result": {
      "description": "1",
      "type": "number",
      "value": 1
   }
}
[1777542648.317][INFO]: Done waiting for pending navigations. Status: ok
[1777542648.317][INFO]: [b88cffaed75ed7d6c2d553a8980f3ec9] RESPONSE TypeElement
[1777542648.340][INFO]: [b88cffaed75ed7d6c2d553a8980f3ec9] COMMAND FindElement {
   "using": "xpath",
   "value": "//*[@id='typeahead-suggestions']/div/a[1]/div[1]/h3/em"
}
[1777542648.340][INFO]: Waiting for pending navigations...
[1777542648.340][DEBUG]: DevTools WebSocket Command: Runtime.evaluate (id=194) A46E4A837907CD59647646AF50DFA781 {
   "expression": "1"
}
[1777542648.342][DEBUG]: DevTools WebSocket Response: Runtime.evaluate (id=194) A46E4A837907CD59647646AF50DFA781 {
   "result": {
      "description": "1",
      "type": "number",
      "value": 1
   }
}
[1777542648.342][INFO]: Done waiting for pending navigations. Status: ok
[1777542648.344][DEBUG]: DevTools WebSocket Command: Runtime.evaluate (id=195) A46E4A837907CD59647646AF50DFA781 {
   "awaitPromise": true,
   "expression": "(function() { // Copyright (c) 2012 The Chromium Authors. All rights reserved.\n// Use of this source code is governed by a BSD-style license that can be\n// found in the LICENSE file.\n\n/**\n * Enum f...",
   "returnByValue": true
}
[1777542648.354][DEBUG]: DevTools WebSocket Response: Runtime.evaluate (id=195) A46E4A837907CD59647646AF50DFA781 {
   "result": {
      "type": "object",
      "value": {
         "status": 0,
         "value": null
      }
   }
}
[1777542648.406][DEBUG]: DevTools WebSocket Command: Runtime.evaluate (id=196) A46E4A837907CD59647646AF50DFA781 {
   "awaitPromise": true,
   "expression": "(function() { // Copyright (c) 2012 The Chromium Authors. All rights reserved.\n// Use of this source code is governed by a BSD-style license that can be\n// found in the LICENSE file.\n\n/**\n * Enum f...",
   "returnByValue": true
}
[1777542648.411][DEBUG]: DevTools WebSocket Response: Runtime.evaluate (id=196) A46E4A837907CD59647646AF50DFA781 {
   "result": {
      "type": "object",
      "value": {
         "status": 0,
         "value": null
      }
   }
}
[1777542648.463][DEBUG]: DevTools WebSocket Command: Runtime.evaluate (id=197) A46E4A837907CD59647646AF50DFA781 {
   "awaitPromise": true,
   "expression": "(function() { // Copyright (c) 2012 The Chromium Authors. All rights reserved.\n// Use of this source code is governed by a BSD-style license that can be\n// found in the LICENSE file.\n\n/**\n * Enum f...",
   "returnByValue": true
}
[1777542648.464][DEBUG]: DevTools WebSocket Event: DOM.childNodeCountUpdated A46E4A837907CD59647646AF50DFA781 {
   "childNodeCount": 19,
   "nodeId": 50
}
[1777542648.467][DEBUG]: DevTools WebSocket Response: Runtime.evaluate (id=197) A46E4A837907CD59647646AF50DFA781 {
   "result": {
      "type": "object",
      "value": {
         "status": 0,
         "value": null
      }
   }
}
[1777542648.520][DEBUG]: DevTools WebSocket Command: Runtime.evaluate (id=198) A46E4A837907CD59647646AF50DFA781 {
   "awaitPromise": true,
   "expression": "(function() { // Copyright (c) 2012 The Chromium Authors. All rights reserved.\n// Use of this source code is governed by a BSD-style license that can be\n// found in the LICENSE file.\n\n/**\n * Enum f...",
   "returnByValue": true
}
[1777542648.525][DEBUG]: DevTools WebSocket Response: Runtime.evaluate (id=198) A46E4A837907CD59647646AF50DFA781 {
   "result": {
      "type": "object",
      "value": {
         "status": 0,
         "value": null
      }
   }
}
[1777542648.577][DEBUG]: DevTools WebSocket Command: Runtime.evaluate (id=199) A46E4A837907CD59647646AF50DFA781 {
   "awaitPromise": true,
   "expression": "(function() { // Copyright (c) 2012 The Chromium Authors. All rights reserved.\n// Use of this source code is governed by a BSD-style license that can be\n// found in the LICENSE file.\n\n/**\n * Enum f...",
   "returnByValue": true
}
[1777542648.582][DEBUG]: DevTools WebSocket Response: Runtime.evaluate (id=199) A46E4A837907CD59647646AF50DFA781 {
   "result": {
      "type": "object",
      "value": {
         "status": 0,
         "value": null
      }
   }
}
[1777542648.635][DEBUG]: DevTools WebSocket Command: Runtime.evaluate (id=200) A46E4A837907CD59647646AF50DFA781 {
   "awaitPromise": true,
   "expression": "(function() { // Copyright (c) 2012 The Chromium Authors. All rights reserved.\n// Use of this source code is governed by a BSD-style license that can be\n// found in the LICENSE file.\n\n/**\n * Enum f...",
   "returnByValue": true
}
[1777542648.639][DEBUG]: DevTools WebSocket Response: Runtime.evaluate (id=200) A46E4A837907CD59647646AF50DFA781 {
   "result": {
      "type": "object",
      "value": {
         "status": 0,
         "value": null
      }
   }
}
[1777542648.692][DEBUG]: DevTools WebSocket Command: Runtime.evaluate (id=201) A46E4A837907CD59647646AF50DFA781 {
   "awaitPromise": true,
   "expression": "(function() { // Copyright (c) 2012 The Chromium Authors. All rights reserved.\n// Use of this source code is governed by a BSD-style license that can be\n// found in the LICENSE file.\n\n/**\n * Enum f...",
   "returnByValue": true
}
[1777542648.696][DEBUG]: DevTools WebSocket Response: Runtime.evaluate (id=201) A46E4A837907CD59647646AF50DFA781 {
   "result": {
      "type": "object",
      "value": {
         "status": 0,
         "value": null
      }
   }
}
[1777542648.748][DEBUG]: DevTools WebSocket Command: Runtime.evaluate (id=202) A46E4A837907CD59647646AF50DFA781 {
   "awaitPromise": true,
   "expression": "(function() { // Copyright (c) 2012 The Chromium Authors. All rights reserved.\n// Use of this source code is governed by a BSD-style license that can be\n// found in the LICENSE file.\n\n/**\n * Enum f...",
   "returnByValue": true
}
[1777542648.753][DEBUG]: DevTools WebSocket Response: Runtime.evaluate (id=202) A46E4A837907CD59647646AF50DFA781 {
   "result": {
      "type": "object",
      "value": {
         "status": 0,
         "value": null
      }
   }
}
[1777542648.806][DEBUG]: DevTools WebSocket Command: Runtime.evaluate (id=203) A46E4A837907CD59647646AF50DFA781 {
   "awaitPromise": true,
   "expression": "(function() { // Copyright (c) 2012 The Chromium Authors. All rights reserved.\n// Use of this source code is governed by a BSD-style license that can be\n// found in the LICENSE file.\n\n/**\n * Enum f...",
   "returnByValue": true
}
[1777542648.810][DEBUG]: DevTools WebSocket Response: Runtime.evaluate (id=203) A46E4A837907CD59647646AF50DFA781 {
   "result": {
      "type": "object",
      "value": {
         "status": 0,
         "value": {
            "element-6066-11e4-a52e-4f735466cecf": "121a740c-eba3-42e4-897f-4af0a302c4cf"
         }
      }
   }
}
[1777542648.810][INFO]: Waiting for pending navigations...
[1777542648.810][DEBUG]: DevTools WebSocket Command: Runtime.evaluate (id=204) A46E4A837907CD59647646AF50DFA781 {
   "expression": "1"
}
[1777542648.811][DEBUG]: DevTools WebSocket Response: Runtime.evaluate (id=204) A46E4A837907CD59647646AF50DFA781 {
   "result": {
      "description": "1",
      "type": "number",
      "value": 1
   }
}
[1777542648.811][INFO]: Done waiting for pending navigations. Status: ok
[1777542648.811][INFO]: [b88cffaed75ed7d6c2d553a8980f3ec9] RESPONSE FindElement {
   "element-6066-11e4-a52e-4f735466cecf": "121a740c-eba3-42e4-897f-4af0a302c4cf"
}
[1777542648.838][INFO]: [b88cffaed75ed7d6c2d553a8980f3ec9] COMMAND ClickElement {
   "id": "121a740c-eba3-42e4-897f-4af0a302c4cf"
}
[1777542648.838][INFO]: Waiting for pending navigations...
[1777542648.838][DEBUG]: DevTools WebSocket Command: Runtime.evaluate (id=205) A46E4A837907CD59647646AF50DFA781 {
   "expression": "1"
}
[1777542648.839][DEBUG]: DevTools WebSocket Response: Runtime.evaluate (id=205) A46E4A837907CD59647646AF50DFA781 {
   "result": {
      "description": "1",
      "type": "number",
      "value": 1
   }
}
[1777542648.839][INFO]: Done waiting for pending navigations. Status: ok
[1777542648.840][DEBUG]: DevTools WebSocket Command: Runtime.evaluate (id=206) A46E4A837907CD59647646AF50DFA781 {
   "awaitPromise": true,
   "expression": "(function() { // Copyright (c) 2012 The Chromium Authors. All rights reserved.\n// Use of this source code is governed by a BSD-style license that can be\n// found in the LICENSE file.\n\n/**\n * Enum f...",
   "returnByValue": true
}
[1777542648.842][DEBUG]: DevTools WebSocket Response: Runtime.evaluate (id=206) A46E4A837907CD59647646AF50DFA781 {
   "result": {
      "type": "object",
      "value": {
         "status": 0,
         "value": "em"
      }
   }
}
[1777542648.842][DEBUG]: DevTools WebSocket Command: Runtime.evaluate (id=207) A46E4A837907CD59647646AF50DFA781 {
   "awaitPromise": true,
   "expression": "(function() { // Copyright (c) 2012 The Chromium Authors. All rights reserved.\n// Use of this source code is governed by a BSD-style license that can be\n// found in the LICENSE file.\n\n/**\n * Enum f...",
   "returnByValue": true
}
[1777542648.844][DEBUG]: DevTools WebSocket Response: Runtime.evaluate (id=207) A46E4A837907CD59647646AF50DFA781 {
   "result": {
      "type": "object",
      "value": {
         "status": 0,
         "value": "em"
      }
   }
}
[1777542648.850][DEBUG]: DevTools WebSocket Command: Runtime.evaluate (id=208) A46E4A837907CD59647646AF50DFA781 {
   "awaitPromise": true,
   "expression": "(function() { // Copyright (c) 2012 The Chromium Authors. All rights reserved.\n// Use of this source code is governed by a BSD-style license that can be\n// found in the LICENSE file.\n\n/**\n * Enum f...",
   "returnByValue": true
}
[1777542648.866][DEBUG]: DevTools WebSocket Response: Runtime.evaluate (id=208) A46E4A837907CD59647646AF50DFA781 {
   "result": {
      "type": "object",
      "value": {
         "status": 0,
         "value": true
      }
   }
}
[1777542648.867][DEBUG]: DevTools WebSocket Command: Runtime.evaluate (id=209) A46E4A837907CD59647646AF50DFA781 {
   "awaitPromise": true,
   "expression": "(function() { // Copyright (c) 2012 The Chromium Authors. All rights reserved.\n// Use of this source code is governed by a BSD-style license that can be\n// found in the LICENSE file.\n\n/**\n * Enum f...",
   "returnByValue": true
}
[1777542648.869][DEBUG]: DevTools WebSocket Response: Runtime.evaluate (id=209) A46E4A837907CD59647646AF50DFA781 {
   "result": {
      "type": "object",
      "value": {
         "status": 0,
         "value": {
            "height": 17,
            "left": 0,
            "top": 0,
            "width": 72
         }
      }
   }
}
[1777542648.871][DEBUG]: DevTools WebSocket Command: Runtime.evaluate (id=210) A46E4A837907CD59647646AF50DFA781 {
   "awaitPromise": true,
   "expression": "(function() { // Copyright (c) 2012 The Chromium Authors. All rights reserved.\n// Use of this source code is governed by a BSD-style license that can be\n// found in the LICENSE file.\n\n/**\n * Enum f...",
   "returnByValue": true
}
[1777542648.878][DEBUG]: DevTools WebSocket Response: Runtime.evaluate (id=210) A46E4A837907CD59647646AF50DFA781 {
   "result": {
      "type": "object",
      "value": {
         "status": 0,
         "value": {
            "ceil": {

            },
            "clone": {

            },
            "floor": {

            },
            "round": {

            },
            "scale": {

            },
            "translate": {

            },
            "x": 813.40625,
            "y": 526.25
         }
      }
   }
}
[1777542648.879][DEBUG]: DevTools WebSocket Command: Runtime.evaluate (id=211) A46E4A837907CD59647646AF50DFA781 {
   "awaitPromise": true,
   "expression": "(function() { // Copyright (c) 2012 The Chromium Authors. All rights reserved.\n// Use of this source code is governed by a BSD-style license that can be\n// found in the LICENSE file.\n\n/**\n * Enum f...",
   "returnByValue": true
}
[1777542648.884][DEBUG]: DevTools WebSocket Response: Runtime.evaluate (id=211) A46E4A837907CD59647646AF50DFA781 {
   "result": {
      "type": "object",
      "value": {
         "status": 0,
         "value": {
            "clickable": true
         }
      }
   }
}
[1777542648.884][DEBUG]: DevTools WebSocket Command: Input.dispatchMouseEvent (id=212) A46E4A837907CD59647646AF50DFA781 {
   "button": "none",
   "buttons": 0,
   "clickCount": 0,
   "force": 0.0,
   "modifiers": 0,
   "pointerType": "mouse",
   "tangentialPressure": 0.0,
   "tiltX": 0,
   "tiltY": 0,
   "twist": 0,
   "type": "mouseMoved",
   "x": 849,
   "y": 534
}
[1777542648.884][DEBUG]: DevTools WebSocket Command: Input.dispatchMouseEvent (id=213) A46E4A837907CD59647646AF50DFA781 {
   "button": "left",
   "buttons": 0,
   "clickCount": 1,
   "force": 0.0,
   "modifiers": 0,
   "pointerType": "mouse",
   "tangentialPressure": 0.0,
   "tiltX": 0,
   "tiltY": 0,
   "twist": 0,
   "type": "mousePressed",
   "x": 849,
   "y": 534
}
[1777542648.885][DEBUG]: DevTools WebSocket Command: Input.dispatchMouseEvent (id=214) A46E4A837907CD59647646AF50DFA781 {
   "button": "left",
   "buttons": 1,
   "clickCount": 1,
   "force": 0.0,
   "modifiers": 0,
   "pointerType": "mouse",
   "tangentialPressure": 0.0,
   "tiltX": 0,
   "tiltY": 0,
   "twist": 0,
   "type": "mouseReleased",
   "x": 849,
   "y": 534
}
[1777542648.892][DEBUG]: DevTools WebSocket Response: Input.dispatchMouseEvent (id=212) A46E4A837907CD59647646AF50DFA781 {

}
[1777542648.893][DEBUG]: DevTools WebSocket Event: Page.frameScheduledNavigation A46E4A837907CD59647646AF50DFA781 {
   "delay": 0,
   "frameId": "A46E4A837907CD59647646AF50DFA781",
   "reason": "anchorClick",
   "url": "https://en.wikipedia.org/wiki/Microsoft"
}
[1777542648.893][DEBUG]: DevTools WebSocket Event: Page.frameRequestedNavigation A46E4A837907CD59647646AF50DFA781 {
   "disposition": "currentTab",
   "frameId": "A46E4A837907CD59647646AF50DFA781",
   "reason": "anchorClick",
   "url": "https://en.wikipedia.org/wiki/Microsoft"
}
[1777542648.893][DEBUG]: DevTools WebSocket Event: Page.frameStartedLoading A46E4A837907CD59647646AF50DFA781 {
   "frameId": "A46E4A837907CD59647646AF50DFA781"
}
[1777542648.898][DEBUG]: DevTools WebSocket Event: Page.frameClearedScheduledNavigation A46E4A837907CD59647646AF50DFA781 {
   "frameId": "A46E4A837907CD59647646AF50DFA781"
}
[1777542648.898][DEBUG]: DevTools WebSocket Response: Input.dispatchMouseEvent (id=213) A46E4A837907CD59647646AF50DFA781 {

}
[1777542648.898][DEBUG]: DevTools WebSocket Response: Input.dispatchMouseEvent (id=214) A46E4A837907CD59647646AF50DFA781 {

}
[1777542648.898][INFO]: Waiting for pending navigations...
[1777542648.898][DEBUG]: DevTools WebSocket Command: Runtime.evaluate (id=215) A46E4A837907CD59647646AF50DFA781 {
   "expression": "1"
}
[1777542648.983][DEBUG]: DevTools WebSocket Event: Runtime.executionContextsCleared A46E4A837907CD59647646AF50DFA781 {

}
[1777542648.983][DEBUG]: DevTools WebSocket Event: Page.frameNavigated A46E4A837907CD59647646AF50DFA781 {
   "frame": {
      "adFrameType": "none",
      "crossOriginIsolatedContextType": "NotIsolated",
      "domainAndRegistry": "wikipedia.org",
      "gatedAPIFeatures": [ "SharedArrayBuffersTransferAllowed" ],
      "id": "A46E4A837907CD59647646AF50DFA781",
      "loaderId": "D30A2CB3978E83D5116AC055877D2D3B",
      "mimeType": "text/html",
      "secureContextType": "Secure",
      "securityOrigin": "https://en.wikipedia.org",
      "url": "https://en.wikipedia.org/wiki/Microsoft"
   }
}
[1777542648.983][DEBUG]: DevTools WebSocket Event: Runtime.executionContextCreated A46E4A837907CD59647646AF50DFA781 {
   "context": {
      "auxData": {
         "frameId": "A46E4A837907CD59647646AF50DFA781",
         "isDefault": true,
         "type": "default"
      },
      "id": 6,
      "name": "",
      "origin": "https://en.wikipedia.org",
      "uniqueId": "8542173528335961149.5303907979929100843"
   }
}
[1777542648.983][DEBUG]: DevTools WebSocket Event: DOM.documentUpdated A46E4A837907CD59647646AF50DFA781 {

}
[1777542648.983][DEBUG]: DevTools WebSocket Command: DOM.getDocument (id=216) A46E4A837907CD59647646AF50DFA781 {

}
[1777542648.984][DEBUG]: DevTools WebSocket Response: Runtime.evaluate (id=215) A46E4A837907CD59647646AF50DFA781 {
   "result": {
      "description": "1",
      "type": "number",
      "value": 1
   }
}
[1777542649.044][DEBUG]: DevTools WebSocket Response: DOM.getDocument (id=216) A46E4A837907CD59647646AF50DFA781 {
   "root": {
      "backendNodeId": 409,
      "baseURL": "https://en.wikipedia.org/wiki/Microsoft",
      "childNodeCount": 2,
      "children": [ {
         "backendNodeId": 458,
         "localName": "",
         "nodeId": 53,
         "nodeName": "html",
         "nodeType": 10,
         "nodeValue": "",
         "parentId": 52,
         "publicId": "",
         "systemId": ""
      }, {
         "attributes": [ "class", "client-js vector-feature-language-in-header-enabled vector-feature-language-in-main-menu-disabled vector-feature-language-in-main-page-header-disabled vector-feature-page-tools-pinned-disabled vect...", "lang", "en", "dir", "ltr" ],
         "backendNodeId": 459,
         "childNodeCount": 2,
         "children": [ {
            "attributes": [  ],
            "backendNodeId": 460,
            "childNodeCount": 29,
            "localName": "head",
            "nodeId": 55,
            "nodeName": "HEAD",
            "nodeType": 1,
            "nodeValue": "",
            "parentId": 54
         }, {
            "attributes": [ "class", "skin--responsive skin-vector skin-vector-search-vue mediawiki ltr sitedir-ltr mw-hide-empty-elt ns-0 ns-subject page-Microsoft rootpage-Microsoft skin-vector-2022 action-view" ],
            "backendNodeId": 457,
            "childNodeCount": 4,
            "localName": "body",
            "nodeId": 56,
            "nodeName": "BODY",
            "nodeType": 1,
            "nodeValue": "",
            "parentId": 54
         } ],
         "frameId": "A46E4A837907CD59647646AF50DFA781",
         "localName": "html",
         "nodeId": 54,
         "nodeName": "HTML",
         "nodeType": 1,
         "nodeValue": "",
         "parentId": 52
      } ],
      "documentURL": "https://en.wikipedia.org/wiki/Microsoft",
      "localName": "",
      "nodeId": 52,
      "nodeName": "#document",
      "nodeType": 9,
      "nodeValue": "",
      "xmlVersion": ""
   }
}
[1777542649.044][DEBUG]: DevTools WebSocket Command: Runtime.evaluate (id=217) A46E4A837907CD59647646AF50DFA781 {
   "expression": "1"
}
[1777542649.061][DEBUG]: DevTools WebSocket Event: DOM.childNodeCountUpdated A46E4A837907CD59647646AF50DFA781 {
   "childNodeCount": 30,
   "nodeId": 55
}
[1777542649.062][DEBUG]: DevTools WebSocket Event: DOM.childNodeCountUpdated A46E4A837907CD59647646AF50DFA781 {
   "childNodeCount": 31,
   "nodeId": 55
}
[1777542649.073][DEBUG]: DevTools WebSocket Response: Runtime.evaluate (id=217) A46E4A837907CD59647646AF50DFA781 {
   "result": {
      "description": "1",
      "type": "number",
      "value": 1
   }
}
[1777542649.373][DEBUG]: DevTools WebSocket Event: Page.frameResized A46E4A837907CD59647646AF50DFA781 {

}
[1777542649.373][DEBUG]: DevTools WebSocket Command: Runtime.evaluate (id=218) A46E4A837907CD59647646AF50DFA781 {
   "expression": "1"
}
[1777542649.383][DEBUG]: DevTools WebSocket Event: DOM.childNodeCountUpdated A46E4A837907CD59647646AF50DFA781 {
   "childNodeCount": 30,
   "nodeId": 55
}
[1777542649.393][DEBUG]: DevTools WebSocket Event: DOM.childNodeCountUpdated A46E4A837907CD59647646AF50DFA781 {
   "childNodeCount": 29,
   "nodeId": 55
}
[1777542649.393][DEBUG]: DevTools WebSocket Response: Runtime.evaluate (id=218) A46E4A837907CD59647646AF50DFA781 {
   "result": {
      "description": "1",
      "type": "number",
      "value": 1
   }
}
[1777542649.411][DEBUG]: DevTools WebSocket Event: DOM.childNodeInserted A46E4A837907CD59647646AF50DFA781 {
   "node": {
      "attributes": [  ],
      "backendNodeId": 549,
      "childNodeCount": 0,
      "localName": "fieldset",
      "nodeId": 57,
      "nodeName": "FIELDSET",
      "nodeType": 1,
      "nodeValue": ""
   },
   "parentNodeId": 54,
   "previousNodeId": 56
}
[1777542649.411][DEBUG]: DevTools WebSocket Event: DOM.attributeModified A46E4A837907CD59647646AF50DFA781 {
   "name": "id",
   "nodeId": 57,
   "value": "jQuery371015422460319738995"
}
[1777542649.411][DEBUG]: DevTools WebSocket Event: DOM.childNodeRemoved A46E4A837907CD59647646AF50DFA781 {
   "nodeId": 57,
   "parentNodeId": 54
}
[1777542649.411][DEBUG]: DevTools WebSocket Event: DOM.childNodeInserted A46E4A837907CD59647646AF50DFA781 {
   "node": {
      "attributes": [  ],
      "backendNodeId": 550,
      "childNodeCount": 0,
      "localName": "fieldset",
      "nodeId": 58,
      "nodeName": "FIELDSET",
      "nodeType": 1,
      "nodeValue": ""
   },
   "parentNodeId": 54,
   "previousNodeId": 56
}
[1777542649.411][DEBUG]: DevTools WebSocket Event: DOM.childNodeCountUpdated A46E4A837907CD59647646AF50DFA781 {
   "childNodeCount": 1,
   "nodeId": 58
}
[1777542649.411][DEBUG]: DevTools WebSocket Event: DOM.childNodeCountUpdated A46E4A837907CD59647646AF50DFA781 {
   "childNodeCount": 2,
   "nodeId": 58
}
[1777542649.411][DEBUG]: DevTools WebSocket Event: DOM.childNodeCountUpdated A46E4A837907CD59647646AF50DFA781 {
   "childNodeCount": 3,
   "nodeId": 58
}
[1777542649.411][DEBUG]: DevTools WebSocket Event: DOM.childNodeRemoved A46E4A837907CD59647646AF50DFA781 {
   "nodeId": 58,
   "parentNodeId": 54
}
[1777542649.411][DEBUG]: DevTools WebSocket Event: DOM.childNodeInserted A46E4A837907CD59647646AF50DFA781 {
   "node": {
      "attributes": [  ],
      "backendNodeId": 550,
      "childNodeCount": 3,
      "localName": "fieldset",
      "nodeId": 59,
      "nodeName": "FIELDSET",
      "nodeType": 1,
      "nodeValue": ""
   },
   "parentNodeId": 54,
   "previousNodeId": 56
}
[1777542649.411][DEBUG]: DevTools WebSocket Event: DOM.attributeModified A46E4A837907CD59647646AF50DFA781 {
   "name": "disabled",
   "nodeId": 59,
   "value": ""
}
[1777542649.411][DEBUG]: DevTools WebSocket Event: DOM.childNodeCountUpdated A46E4A837907CD59647646AF50DFA781 {
   "childNodeCount": 4,
   "nodeId": 59
}
[1777542649.411][DEBUG]: DevTools WebSocket Event: DOM.childNodeRemoved A46E4A837907CD59647646AF50DFA781 {
   "nodeId": 59,
   "parentNodeId": 54
}
[1777542649.411][DEBUG]: DevTools WebSocket Command: Runtime.evaluate (id=219) A46E4A837907CD59647646AF50DFA781 {
   "expression": "1"
}
[1777542649.554][DEBUG]: DevTools WebSocket Response: Runtime.evaluate (id=219) A46E4A837907CD59647646AF50DFA781 {
   "result": {
      "description": "1",
      "type": "number",
      "value": 1
   }
}
[1777542649.893][DEBUG]: DevTools WebSocket Event: DOM.childNodeCountUpdated A46E4A837907CD59647646AF50DFA781 {
   "childNodeCount": 5,
   "nodeId": 56
}
[1777542649.893][DEBUG]: DevTools WebSocket Event: DOM.childNodeCountUpdated A46E4A837907CD59647646AF50DFA781 {
   "childNodeCount": 6,
   "nodeId": 56
}
[1777542649.893][DEBUG]: DevTools WebSocket Command: Runtime.evaluate (id=220) A46E4A837907CD59647646AF50DFA781 {
   "expression": "1"
}
[1777542649.915][DEBUG]: DevTools WebSocket Event: DOM.childNodeCountUpdated A46E4A837907CD59647646AF50DFA781 {
   "childNodeCount": 7,
   "nodeId": 56
}
[1777542649.915][DEBUG]: DevTools WebSocket Event: DOM.childNodeCountUpdated A46E4A837907CD59647646AF50DFA781 {
   "childNodeCount": 8,
   "nodeId": 56
}
[1777542649.915][DEBUG]: DevTools WebSocket Event: Page.loadEventFired A46E4A837907CD59647646AF50DFA781 {
   "timestamp": 13319.522984
}
[1777542649.915][DEBUG]: DevTools WebSocket Command: Runtime.evaluate (id=221) A46E4A837907CD59647646AF50DFA781 {
   "awaitPromise": false,
   "expression": "document.readyState",
   "returnByValue": true
}
[1777542649.915][DEBUG]: DevTools WebSocket Event: Page.frameStoppedLoading A46E4A837907CD59647646AF50DFA781 {
   "frameId": "A46E4A837907CD59647646AF50DFA781"
}
[1777542649.915][DEBUG]: DevTools WebSocket Event: DOM.documentUpdated A46E4A837907CD59647646AF50DFA781 {

}
[1777542649.915][DEBUG]: DevTools WebSocket Command: DOM.getDocument (id=222) A46E4A837907CD59647646AF50DFA781 {

}
[1777542649.915][DEBUG]: DevTools WebSocket Event: Page.domContentEventFired A46E4A837907CD59647646AF50DFA781 {
   "timestamp": 13319.530389
}
[1777542649.915][DEBUG]: DevTools WebSocket Response: Runtime.evaluate (id=220) A46E4A837907CD59647646AF50DFA781 {
   "result": {
      "description": "1",
      "type": "number",
      "value": 1
   }
}
[1777542649.937][DEBUG]: DevTools WebSocket Response: Runtime.evaluate (id=221) A46E4A837907CD59647646AF50DFA781 {
   "result": {
      "type": "string",
      "value": "complete"
   }
}
[1777542649.938][INFO]: Done waiting for pending navigations. Status: ok
[1777542649.938][INFO]: [b88cffaed75ed7d6c2d553a8980f3ec9] RESPONSE ClickElement
[1777542649.956][INFO]: [b88cffaed75ed7d6c2d553a8980f3ec9] COMMAND GetUrl {

}
[1777542649.956][DEBUG]: DevTools WebSocket Response: DOM.getDocument (id=222) A46E4A837907CD59647646AF50DFA781 {
   "root": {
      "backendNodeId": 409,
      "baseURL": "https://en.wikipedia.org/wiki/Microsoft",
      "childNodeCount": 2,
      "children": [ {
         "backendNodeId": 458,
         "localName": "",
         "nodeId": 61,
         "nodeName": "html",
         "nodeType": 10,
         "nodeValue": "",
         "parentId": 60,
         "publicId": "",
         "systemId": ""
      }, {
         "attributes": [ "class", "client-js vector-feature-language-in-header-enabled vector-feature-language-in-main-menu-disabled vector-feature-language-in-main-page-header-disabled vector-feature-page-tools-pinned-disabled vect...", "lang", "en", "dir", "ltr" ],
         "backendNodeId": 459,
         "childNodeCount": 2,
         "children": [ {
            "attributes": [  ],
            "backendNodeId": 460,
            "childNodeCount": 29,
            "localName": "head",
            "nodeId": 63,
            "nodeName": "HEAD",
            "nodeType": 1,
            "nodeValue": "",
            "parentId": 62
         }, {
            "attributes": [ "class", "skin--responsive skin-vector skin-vector-search-vue mediawiki ltr sitedir-ltr mw-hide-empty-elt ns-0 ns-subject page-Microsoft rootpage-Microsoft skin-vector-2022 action-view" ],
            "backendNodeId": 457,
            "childNodeCount": 8,
            "localName": "body",
            "nodeId": 64,
            "nodeName": "BODY",
            "nodeType": 1,
            "nodeValue": "",
            "parentId": 62
         } ],
         "frameId": "A46E4A837907CD59647646AF50DFA781",
         "localName": "html",
         "nodeId": 62,
         "nodeName": "HTML",
         "nodeType": 1,
         "nodeValue": "",
         "parentId": 60
      } ],
      "documentURL": "https://en.wikipedia.org/wiki/Microsoft",
      "localName": "",
      "nodeId": 60,
      "nodeName": "#document",
      "nodeType": 9,
      "nodeValue": "",
      "xmlVersion": ""
   }
}
[1777542649.956][INFO]: Waiting for pending navigations...
[1777542649.956][DEBUG]: DevTools WebSocket Command: Runtime.evaluate (id=223) A46E4A837907CD59647646AF50DFA781 {
   "expression": "1"
}
[1777542649.967][DEBUG]: DevTools WebSocket Response: Runtime.evaluate (id=223) A46E4A837907CD59647646AF50DFA781 {
   "result": {
      "description": "1",
      "type": "number",
      "value": 1
   }
}
[1777542649.967][INFO]: Done waiting for pending navigations. Status: ok
[1777542649.968][DEBUG]: DevTools WebSocket Command: Runtime.evaluate (id=224) A46E4A837907CD59647646AF50DFA781 {
   "awaitPromise": true,
   "expression": "(function() { // Copyright (c) 2012 The Chromium Authors. All rights reserved.\n// Use of this source code is governed by a BSD-style license that can be\n// found in the LICENSE file.\n\n/**\n * Enum f...",
   "returnByValue": true
}
[1777542649.984][DEBUG]: DevTools WebSocket Response: Runtime.evaluate (id=224) A46E4A837907CD59647646AF50DFA781 {
   "result": {
      "type": "object",
      "value": {
         "status": 0,
         "value": "https://en.wikipedia.org/wiki/Microsoft"
      }
   }
}
[1777542649.984][INFO]: Waiting for pending navigations...
[1777542649.984][DEBUG]: DevTools WebSocket Command: Runtime.evaluate (id=225) A46E4A837907CD59647646AF50DFA781 {
   "expression": "1"
}
[1777542650.017][DEBUG]: DevTools WebSocket Event: DOM.childNodeCountUpdated A46E4A837907CD59647646AF50DFA781 {
   "childNodeCount": 30,
   "nodeId": 63
}
[1777542650.017][DEBUG]: DevTools WebSocket Event: DOM.childNodeCountUpdated A46E4A837907CD59647646AF50DFA781 {
   "childNodeCount": 29,
   "nodeId": 63
}
[1777542650.017][DEBUG]: DevTools WebSocket Response: Runtime.evaluate (id=225) A46E4A837907CD59647646AF50DFA781 {
   "result": {
      "description": "1",
      "type": "number",
      "value": 1
   }
}
[1777542650.017][INFO]: Done waiting for pending navigations. Status: ok
[1777542650.017][INFO]: [b88cffaed75ed7d6c2d553a8980f3ec9] RESPONSE GetUrl "https://en.wikipedia.org/wiki/Microsoft"
[1777542650.040][INFO]: [b88cffaed75ed7d6c2d553a8980f3ec9] COMMAND FindElements {
   "using": "xpath",
   "value": "//*[@id='mw-content-text']/div[2]/table[1]/tbody/tr[9]/td/div/ul/li/a"
}
[1777542650.040][INFO]: Waiting for pending navigations...
[1777542650.040][DEBUG]: DevTools WebSocket Command: Runtime.evaluate (id=226) A46E4A837907CD59647646AF50DFA781 {
   "expression": "1"
}
[1777542650.063][DEBUG]: DevTools WebSocket Event: DOM.childNodeCountUpdated A46E4A837907CD59647646AF50DFA781 {
   "childNodeCount": 30,
   "nodeId": 63
}
[1777542650.063][DEBUG]: DevTools WebSocket Event: DOM.childNodeCountUpdated A46E4A837907CD59647646AF50DFA781 {
   "childNodeCount": 9,
   "nodeId": 64
}
[1777542650.082][DEBUG]: DevTools WebSocket Event: DOM.childNodeInserted A46E4A837907CD59647646AF50DFA781 {
   "node": {
      "attributes": [ "style", "position: absolute; left: -11111px; width: 60px; margin-top: 1px; padding: 0px; border: 0px;" ],
      "backendNodeId": 553,
      "childNodeCount": 0,
      "localName": "div",
      "nodeId": 65,
      "nodeName": "DIV",
      "nodeType": 1,
      "nodeValue": ""
   },
   "parentNodeId": 62,
   "previousNodeId": 64
}
[1777542650.082][DEBUG]: DevTools WebSocket Event: DOM.childNodeCountUpdated A46E4A837907CD59647646AF50DFA781 {
   "childNodeCount": 1,
   "nodeId": 65
}
[1777542650.082][DEBUG]: DevTools WebSocket Event: DOM.childNodeRemoved A46E4A837907CD59647646AF50DFA781 {
   "nodeId": 65,
   "parentNodeId": 62
}
[1777542650.086][DEBUG]: DevTools WebSocket Response: Runtime.evaluate (id=226) A46E4A837907CD59647646AF50DFA781 {
   "result": {
      "description": "1",
      "type": "number",
      "value": 1
   }
}
[1777542650.086][INFO]: Done waiting for pending navigations. Status: ok
[1777542650.090][DEBUG]: DevTools WebSocket Command: Runtime.evaluate (id=227) A46E4A837907CD59647646AF50DFA781 {
   "awaitPromise": true,
   "expression": "(function() { // Copyright (c) 2012 The Chromium Authors. All rights reserved.\n// Use of this source code is governed by a BSD-style license that can be\n// found in the LICENSE file.\n\n/**\n * Enum f...",
   "returnByValue": true
}
[1777542650.096][DEBUG]: DevTools WebSocket Event: Runtime.consoleAPICalled A46E4A837907CD59647646AF50DFA781 {
   "args": [ {
      "type": "string",
      "value": "Use of \"mw.testKitchen.compat.getExperiment()\" is deprecated. mw.testKitchen.compat.getExperiment() is provided for backwards compatibility with existing experiment code. Use mw.testKitchen.getExpe..."
   } ],
   "executionContextId": 6,
   "stackTrace": {
      "callFrames": [ {
         "columnNumber": 434,
         "functionName": "maybeLog",
         "lineNumber": 7,
         "scriptId": "146",
         "url": "https://en.wikipedia.org/w/load.php?lang=en&modules=mediawiki.base&skin=vector-2022&version=1ozi1"
      }, {
         "columnNumber": 713,
         "functionName": "get",
         "lineNumber": 7,
         "scriptId": "146",
         "url": "https://en.wikipedia.org/w/load.php?lang=en&modules=mediawiki.base&skin=vector-2022&version=1ozi1"
      }, {
         "columnNumber": 455,
         "functionName": "eval",
         "lineNumber": 69,
         "scriptId": "87",
         "url": "https://en.wikipedia.org/w/load.php?lang=en&modules=ext.wikimediaEvents&skin=vector-2022&version=t0wj7"
      }, {
         "columnNumber": 982,
         "functionName": "mightThrow",
         "lineNumber": 43,
         "scriptId": "64",
         "url": "https://en.wikipedia.org/w/load.php?lang=en&modules=jquery%7Cjquery.tablesorter%7Cmediawiki.language.months&skin=vector-2022&version=kec22"
      }, {
         "columnNumber": 642,
         "functionName": "process",
         "lineNumber": 44,
         "scriptId": "64",
         "url": "https://en.wikipedia.org/w/load.php?lang=en&modules=jquery%7Cjquery.tablesorter%7Cmediawiki.language.months&skin=vector-2022&version=kec22"
      } ]
   },
   "timestamp": 1.777542650095342e+12,
   "type": "warning"
}
[1777542650.137][DEBUG]: DevTools WebSocket Event: DOM.childNodeCountUpdated A46E4A837907CD59647646AF50DFA781 {
   "childNodeCount": 10,
   "nodeId": 64
}
[1777542650.167][DEBUG]: DevTools WebSocket Response: Runtime.evaluate (id=227) A46E4A837907CD59647646AF50DFA781 {
   "result": {
      "type": "object",
      "value": {
         "status": 0,
         "value": [ {
            "element-6066-11e4-a52e-4f735466cecf": "ea84e2c5-c4a7-46f9-baae-c92a2cca977f"
         }, {
            "element-6066-11e4-a52e-4f735466cecf": "10711510-38bf-42f8-990b-dc016ad02b1b"
         } ]
      }
   }
}
[1777542650.167][INFO]: Waiting for pending navigations...
[1777542650.167][DEBUG]: DevTools WebSocket Command: Runtime.evaluate (id=228) A46E4A837907CD59647646AF50DFA781 {
   "expression": "1"
}
[1777542650.260][DEBUG]: DevTools WebSocket Event: DOM.childNodeCountUpdated A46E4A837907CD59647646AF50DFA781 {
   "childNodeCount": 31,
   "nodeId": 63
}
[1777542650.260][DEBUG]: DevTools WebSocket Event: DOM.attributeModified A46E4A837907CD59647646AF50DFA781 {
   "name": "class",
   "nodeId": 62,
   "value": "client-js vector-feature-language-in-header-enabled vector-feature-language-in-main-menu-disabled vector-feature-language-in-main-page-header-disabled vector-feature-page-tools-pinned-disabled vect..."
}
[1777542650.260][DEBUG]: DevTools WebSocket Event: DOM.attributeModified A46E4A837907CD59647646AF50DFA781 {
   "name": "class",
   "nodeId": 64,
   "value": "skin--responsive skin-vector skin-vector-search-vue mediawiki ltr sitedir-ltr mw-hide-empty-elt ns-0 ns-subject page-Microsoft rootpage-Microsoft skin-vector-2022 action-view uls-dialog-sticky-hide"
}
[1777542650.260][DEBUG]: DevTools WebSocket Event: DOM.attributeModified A46E4A837907CD59647646AF50DFA781 {
   "name": "class",
   "nodeId": 62,
   "value": "client-js vector-feature-language-in-header-enabled vector-feature-language-in-main-menu-disabled vector-feature-language-in-main-page-header-disabled vector-feature-page-tools-pinned-disabled vect..."
}
[1777542650.279][DEBUG]: DevTools WebSocket Response: Runtime.evaluate (id=228) A46E4A837907CD59647646AF50DFA781 {
   "result": {
      "description": "1",
      "type": "number",
      "value": 1
   }
}
[1777542650.279][INFO]: Done waiting for pending navigations. Status: ok
[1777542650.279][INFO]: [b88cffaed75ed7d6c2d553a8980f3ec9] RESPONSE FindElements [ {
   "element-6066-11e4-a52e-4f735466cecf": "ea84e2c5-c4a7-46f9-baae-c92a2cca977f"
}, {
   "element-6066-11e4-a52e-4f735466cecf": "10711510-38bf-42f8-990b-dc016ad02b1b"
} ]
[1777542650.297][INFO]: [b88cffaed75ed7d6c2d553a8980f3ec9] COMMAND GetElementText {
   "id": "ea84e2c5-c4a7-46f9-baae-c92a2cca977f"
}
[1777542650.297][INFO]: Waiting for pending navigations...
[1777542650.297][DEBUG]: DevTools WebSocket Command: Runtime.evaluate (id=229) A46E4A837907CD59647646AF50DFA781 {
   "expression": "1"
}
[1777542650.322][DEBUG]: DevTools WebSocket Response: Runtime.evaluate (id=229) A46E4A837907CD59647646AF50DFA781 {
   "result": {
      "description": "1",
      "type": "number",
      "value": 1
   }
}
[1777542650.322][INFO]: Done waiting for pending navigations. Status: ok
[1777542650.326][DEBUG]: DevTools WebSocket Command: Runtime.evaluate (id=230) A46E4A837907CD59647646AF50DFA781 {
   "awaitPromise": true,
   "expression": "(function() { // Copyright (c) 2012 The Chromium Authors. All rights reserved.\n// Use of this source code is governed by a BSD-style license that can be\n// found in the LICENSE file.\n\n/**\n * Enum f...",
   "returnByValue": true
}
[1777542650.342][DEBUG]: DevTools WebSocket Event: DOM.childNodeCountUpdated A46E4A837907CD59647646AF50DFA781 {
   "childNodeCount": 32,
   "nodeId": 63
}
[1777542650.342][DEBUG]: DevTools WebSocket Event: DOM.attributeModified A46E4A837907CD59647646AF50DFA781 {
   "name": "class",
   "nodeId": 62,
   "value": "client-js vector-feature-language-in-header-enabled vector-feature-language-in-main-menu-disabled vector-feature-language-in-main-page-header-disabled vector-feature-page-tools-pinned-disabled vect..."
}
[1777542650.351][DEBUG]: DevTools WebSocket Response: Runtime.evaluate (id=230) A46E4A837907CD59647646AF50DFA781 {
   "result": {
      "type": "object",
      "value": {
         "status": 0,
         "value": "Bill Gates"
      }
   }
}
[1777542650.351][INFO]: Waiting for pending navigations...
[1777542650.351][DEBUG]: DevTools WebSocket Command: Runtime.evaluate (id=231) A46E4A837907CD59647646AF50DFA781 {
   "expression": "1"
}
[1777542650.354][DEBUG]: DevTools WebSocket Event: DOM.childNodeCountUpdated A46E4A837907CD59647646AF50DFA781 {
   "childNodeCount": 11,
   "nodeId": 64
}
[1777542650.447][DEBUG]: DevTools WebSocket Response: Runtime.evaluate (id=231) A46E4A837907CD59647646AF50DFA781 {
   "result": {
      "description": "1",
      "type": "number",
      "value": 1
   }
}
[1777542650.447][INFO]: Done waiting for pending navigations. Status: ok
[1777542650.447][INFO]: [b88cffaed75ed7d6c2d553a8980f3ec9] RESPONSE GetElementText "Bill Gates"
[1777542650.475][INFO]: [b88cffaed75ed7d6c2d553a8980f3ec9] COMMAND ClickElement {
   "id": "ea84e2c5-c4a7-46f9-baae-c92a2cca977f"
}
[1777542650.475][INFO]: Waiting for pending navigations...
[1777542650.475][DEBUG]: DevTools WebSocket Command: Runtime.evaluate (id=232) A46E4A837907CD59647646AF50DFA781 {
   "expression": "1"
}
[1777542650.494][DEBUG]: DevTools WebSocket Event: DOM.childNodeCountUpdated A46E4A837907CD59647646AF50DFA781 {
   "childNodeCount": 33,
   "nodeId": 63
}
[1777542650.494][DEBUG]: DevTools WebSocket Response: Runtime.evaluate (id=232) A46E4A837907CD59647646AF50DFA781 {
   "result": {
      "description": "1",
      "type": "number",
      "value": 1
   }
}
[1777542650.494][INFO]: Done waiting for pending navigations. Status: ok
[1777542650.494][DEBUG]: DevTools WebSocket Command: Runtime.evaluate (id=233) A46E4A837907CD59647646AF50DFA781 {
   "awaitPromise": true,
   "expression": "(function() { // Copyright (c) 2012 The Chromium Authors. All rights reserved.\n// Use of this source code is governed by a BSD-style license that can be\n// found in the LICENSE file.\n\n/**\n * Enum f...",
   "returnByValue": true
}
[1777542650.595][DEBUG]: DevTools WebSocket Event: DOM.childNodeCountUpdated A46E4A837907CD59647646AF50DFA781 {
   "childNodeCount": 34,
   "nodeId": 63
}
[1777542650.596][DEBUG]: DevTools WebSocket Response: Runtime.evaluate (id=233) A46E4A837907CD59647646AF50DFA781 {
   "result": {
      "type": "object",
      "value": {
         "status": 0,
         "value": "a"
      }
   }
}
[1777542650.596][DEBUG]: DevTools WebSocket Command: Runtime.evaluate (id=234) A46E4A837907CD59647646AF50DFA781 {
   "awaitPromise": true,
   "expression": "(function() { // Copyright (c) 2012 The Chromium Authors. All rights reserved.\n// Use of this source code is governed by a BSD-style license that can be\n// found in the LICENSE file.\n\n/**\n * Enum f...",
   "returnByValue": true
}
[1777542650.608][DEBUG]: DevTools WebSocket Response: Runtime.evaluate (id=234) A46E4A837907CD59647646AF50DFA781 {
   "result": {
      "type": "object",
      "value": {
         "status": 0,
         "value": "a"
      }
   }
}
[1777542650.611][DEBUG]: DevTools WebSocket Command: Runtime.evaluate (id=235) A46E4A837907CD59647646AF50DFA781 {
   "awaitPromise": true,
   "expression": "(function() { // Copyright (c) 2012 The Chromium Authors. All rights reserved.\n// Use of this source code is governed by a BSD-style license that can be\n// found in the LICENSE file.\n\n/**\n * Enum f...",
   "returnByValue": true
}
[1777542650.617][DEBUG]: DevTools WebSocket Event: DOM.childNodeCountUpdated A46E4A837907CD59647646AF50DFA781 {
   "childNodeCount": 35,
   "nodeId": 63
}
[1777542650.623][DEBUG]: DevTools WebSocket Response: Runtime.evaluate (id=235) A46E4A837907CD59647646AF50DFA781 {
   "result": {
      "type": "object",
      "value": {
         "status": 0,
         "value": true
      }
   }
}
[1777542650.624][DEBUG]: DevTools WebSocket Command: Runtime.evaluate (id=236) A46E4A837907CD59647646AF50DFA781 {
   "awaitPromise": true,
   "expression": "(function() { // Copyright (c) 2012 The Chromium Authors. All rights reserved.\n// Use of this source code is governed by a BSD-style license that can be\n// found in the LICENSE file.\n\n/**\n * Enum f...",
   "returnByValue": true
}
[1777542650.627][DEBUG]: DevTools WebSocket Response: Runtime.evaluate (id=236) A46E4A837907CD59647646AF50DFA781 {
   "result": {
      "type": "object",
      "value": {
         "status": 0,
         "value": {
            "height": 16,
            "left": 0,
            "top": 0,
            "width": 60.25
         }
      }
   }
}
[1777542650.629][DEBUG]: DevTools WebSocket Command: Runtime.evaluate (id=237) A46E4A837907CD59647646AF50DFA781 {
   "awaitPromise": true,
   "expression": "(function() { // Copyright (c) 2012 The Chromium Authors. All rights reserved.\n// Use of this source code is governed by a BSD-style license that can be\n// found in the LICENSE file.\n\n/**\n * Enum f...",
   "returnByValue": true
}
[1777542650.637][DEBUG]: DevTools WebSocket Response: Runtime.evaluate (id=237) A46E4A837907CD59647646AF50DFA781 {
   "result": {
      "type": "object",
      "value": {
         "status": 0,
         "value": {
            "ceil": {

            },
            "clone": {

            },
            "floor": {

            },
            "round": {

            },
            "scale": {

            },
            "translate": {

            },
            "x": 1219.5,
            "y": 863.109375
         }
      }
   }
}
[1777542650.638][DEBUG]: DevTools WebSocket Command: Runtime.evaluate (id=238) A46E4A837907CD59647646AF50DFA781 {
   "awaitPromise": true,
   "expression": "(function() { // Copyright (c) 2012 The Chromium Authors. All rights reserved.\n// Use of this source code is governed by a BSD-style license that can be\n// found in the LICENSE file.\n\n/**\n * Enum f...",
   "returnByValue": true
}
[1777542650.644][DEBUG]: DevTools WebSocket Response: Runtime.evaluate (id=238) A46E4A837907CD59647646AF50DFA781 {
   "result": {
      "type": "object",
      "value": {
         "status": 0,
         "value": {
            "clickable": true
         }
      }
   }
}
[1777542650.644][DEBUG]: DevTools WebSocket Command: Input.dispatchMouseEvent (id=239) A46E4A837907CD59647646AF50DFA781 {
   "button": "none",
   "buttons": 0,
   "clickCount": 0,
   "force": 0.0,
   "modifiers": 0,
   "pointerType": "mouse",
   "tangentialPressure": 0.0,
   "tiltX": 0,
   "tiltY": 0,
   "twist": 0,
   "type": "mouseMoved",
   "x": 1249,
   "y": 871
}
[1777542650.644][DEBUG]: DevTools WebSocket Command: Input.dispatchMouseEvent (id=240) A46E4A837907CD59647646AF50DFA781 {
   "button": "left",
   "buttons": 0,
   "clickCount": 1,
   "force": 0.0,
   "modifiers": 0,
   "pointerType": "mouse",
   "tangentialPressure": 0.0,
   "tiltX": 0,
   "tiltY": 0,
   "twist": 0,
   "type": "mousePressed",
   "x": 1249,
   "y": 871
}
[1777542650.645][DEBUG]: DevTools WebSocket Command: Input.dispatchMouseEvent (id=241) A46E4A837907CD59647646AF50DFA781 {
   "button": "left",
   "buttons": 1,
   "clickCount": 1,
   "force": 0.0,
   "modifiers": 0,
   "pointerType": "mouse",
   "tangentialPressure": 0.0,
   "tiltX": 0,
   "tiltY": 0,
   "twist": 0,
   "type": "mouseReleased",
   "x": 1249,
   "y": 871
}
[1777542650.649][DEBUG]: DevTools WebSocket Response: Input.dispatchMouseEvent (id=239) A46E4A837907CD59647646AF50DFA781 {

}
[1777542650.653][DEBUG]: DevTools WebSocket Response: Input.dispatchMouseEvent (id=240) A46E4A837907CD59647646AF50DFA781 {

}
[1777542650.655][DEBUG]: DevTools WebSocket Event: Page.frameScheduledNavigation A46E4A837907CD59647646AF50DFA781 {
   "delay": 0,
   "frameId": "A46E4A837907CD59647646AF50DFA781",
   "reason": "anchorClick",
   "url": "https://en.wikipedia.org/wiki/Bill_Gates"
}
[1777542650.656][DEBUG]: DevTools WebSocket Event: Page.frameRequestedNavigation A46E4A837907CD59647646AF50DFA781 {
   "disposition": "currentTab",
   "frameId": "A46E4A837907CD59647646AF50DFA781",
   "reason": "anchorClick",
   "url": "https://en.wikipedia.org/wiki/Bill_Gates"
}
[1777542650.656][DEBUG]: DevTools WebSocket Event: Page.frameStartedLoading A46E4A837907CD59647646AF50DFA781 {
   "frameId": "A46E4A837907CD59647646AF50DFA781"
}
[1777542650.668][DEBUG]: DevTools WebSocket Event: Page.frameClearedScheduledNavigation A46E4A837907CD59647646AF50DFA781 {
   "frameId": "A46E4A837907CD59647646AF50DFA781"
}
[1777542650.668][DEBUG]: DevTools WebSocket Response: Input.dispatchMouseEvent (id=241) A46E4A837907CD59647646AF50DFA781 {

}
[1777542650.668][INFO]: Waiting for pending navigations...
[1777542650.669][DEBUG]: DevTools WebSocket Command: Runtime.evaluate (id=242) A46E4A837907CD59647646AF50DFA781 {
   "expression": "1"
}
[1777542650.772][DEBUG]: DevTools WebSocket Event: Runtime.executionContextsCleared A46E4A837907CD59647646AF50DFA781 {

}
[1777542650.772][DEBUG]: DevTools WebSocket Event: Page.frameNavigated A46E4A837907CD59647646AF50DFA781 {
   "frame": {
      "adFrameType": "none",
      "crossOriginIsolatedContextType": "NotIsolated",
      "domainAndRegistry": "wikipedia.org",
      "gatedAPIFeatures": [ "SharedArrayBuffersTransferAllowed" ],
      "id": "A46E4A837907CD59647646AF50DFA781",
      "loaderId": "26EA49A04553FC72880E68AEADF488DF",
      "mimeType": "text/html",
      "secureContextType": "Secure",
      "securityOrigin": "https://en.wikipedia.org",
      "url": "https://en.wikipedia.org/wiki/Bill_Gates"
   }
}
[1777542650.772][DEBUG]: DevTools WebSocket Event: Runtime.executionContextCreated A46E4A837907CD59647646AF50DFA781 {
   "context": {
      "auxData": {
         "frameId": "A46E4A837907CD59647646AF50DFA781",
         "isDefault": true,
         "type": "default"
      },
      "id": 7,
      "name": "",
      "origin": "https://en.wikipedia.org",
      "uniqueId": "2315776043724705663.6264406982211560639"
   }
}
[1777542650.772][DEBUG]: DevTools WebSocket Event: DOM.documentUpdated A46E4A837907CD59647646AF50DFA781 {

}
[1777542650.772][DEBUG]: DevTools WebSocket Command: DOM.getDocument (id=243) A46E4A837907CD59647646AF50DFA781 {

}
[1777542650.773][DEBUG]: DevTools WebSocket Response: Runtime.evaluate (id=242) A46E4A837907CD59647646AF50DFA781 {
   "result": {
      "description": "1",
      "type": "number",
      "value": 1
   }
}
[1777542650.777][DEBUG]: DevTools WebSocket Response: DOM.getDocument (id=243) A46E4A837907CD59647646AF50DFA781 {
   "root": {
      "backendNodeId": 598,
      "baseURL": "https://en.wikipedia.org/wiki/Bill_Gates",
      "childNodeCount": 0,
      "children": [  ],
      "documentURL": "https://en.wikipedia.org/wiki/Bill_Gates",
      "localName": "",
      "nodeId": 66,
      "nodeName": "#document",
      "nodeType": 9,
      "nodeValue": "",
      "xmlVersion": ""
   }
}
[1777542650.778][DEBUG]: DevTools WebSocket Command: Runtime.evaluate (id=244) A46E4A837907CD59647646AF50DFA781 {
   "expression": "1"
}
[1777542650.790][DEBUG]: DevTools WebSocket Event: DOM.childNodeInserted A46E4A837907CD59647646AF50DFA781 {
   "node": {
      "backendNodeId": 599,
      "localName": "",
      "nodeId": 67,
      "nodeName": "html",
      "nodeType": 10,
      "nodeValue": "",
      "publicId": "",
      "systemId": ""
   },
   "parentNodeId": 66,
   "previousNodeId": 0
}
[1777542650.790][DEBUG]: DevTools WebSocket Event: DOM.childNodeInserted A46E4A837907CD59647646AF50DFA781 {
   "node": {
      "attributes": [ "class", "client-nojs vector-feature-language-in-header-enabled vector-feature-language-in-main-menu-disabled vector-feature-language-in-main-page-header-disabled vector-feature-page-tools-pinned-disabled ve...", "lang", "en", "dir", "ltr" ],
      "backendNodeId": 600,
      "childNodeCount": 0,
      "frameId": "A46E4A837907CD59647646AF50DFA781",
      "localName": "html",
      "nodeId": 68,
      "nodeName": "HTML",
      "nodeType": 1,
      "nodeValue": ""
   },
   "parentNodeId": 66,
   "previousNodeId": 67
}
[1777542650.790][DEBUG]: DevTools WebSocket Event: DOM.childNodeCountUpdated A46E4A837907CD59647646AF50DFA781 {
   "childNodeCount": 1,
   "nodeId": 68
}
[1777542650.790][DEBUG]: DevTools WebSocket Event: DOM.attributeModified A46E4A837907CD59647646AF50DFA781 {
   "name": "class",
   "nodeId": 68,
   "value": "client-js vector-feature-language-in-header-enabled vector-feature-language-in-main-menu-disabled vector-feature-language-in-main-page-header-disabled vector-feature-page-tools-pinned-disabled vect..."
}
[1777542650.790][DEBUG]: DevTools WebSocket Event: DOM.childNodeCountUpdated A46E4A837907CD59647646AF50DFA781 {
   "childNodeCount": 2,
   "nodeId": 68
}
[1777542650.799][DEBUG]: DevTools WebSocket Response: Runtime.evaluate (id=244) A46E4A837907CD59647646AF50DFA781 {
   "result": {
      "description": "1",
      "type": "number",
      "value": 1
   }
}
[1777542651.296][DEBUG]: DevTools WebSocket Event: Page.frameResized A46E4A837907CD59647646AF50DFA781 {

}
[1777542651.296][DEBUG]: DevTools WebSocket Command: Runtime.evaluate (id=245) A46E4A837907CD59647646AF50DFA781 {
   "expression": "1"
}
[1777542651.310][DEBUG]: DevTools WebSocket Response: Runtime.evaluate (id=245) A46E4A837907CD59647646AF50DFA781 {
   "result": {
      "description": "1",
      "type": "number",
      "value": 1
   }
}
[1777542651.324][DEBUG]: DevTools WebSocket Event: DOM.childNodeCountUpdated A46E4A837907CD59647646AF50DFA781 {
   "childNodeCount": 3,
   "nodeId": 68
}
[1777542651.324][DEBUG]: DevTools WebSocket Event: DOM.childNodeCountUpdated A46E4A837907CD59647646AF50DFA781 {
   "childNodeCount": 2,
   "nodeId": 68
}
[1777542651.324][DEBUG]: DevTools WebSocket Event: DOM.childNodeCountUpdated A46E4A837907CD59647646AF50DFA781 {
   "childNodeCount": 3,
   "nodeId": 68
}
[1777542651.324][DEBUG]: DevTools WebSocket Event: DOM.childNodeCountUpdated A46E4A837907CD59647646AF50DFA781 {
   "childNodeCount": 2,
   "nodeId": 68
}
[1777542651.324][DEBUG]: DevTools WebSocket Event: DOM.childNodeCountUpdated A46E4A837907CD59647646AF50DFA781 {
   "childNodeCount": 3,
   "nodeId": 68
}
[1777542651.324][DEBUG]: DevTools WebSocket Event: DOM.childNodeCountUpdated A46E4A837907CD59647646AF50DFA781 {
   "childNodeCount": 2,
   "nodeId": 68
}
[1777542651.324][DEBUG]: DevTools WebSocket Command: Runtime.evaluate (id=246) A46E4A837907CD59647646AF50DFA781 {
   "expression": "1"
}
[1777542651.394][DEBUG]: DevTools WebSocket Response: Runtime.evaluate (id=246) A46E4A837907CD59647646AF50DFA781 {
   "result": {
      "description": "1",
      "type": "number",
      "value": 1
   }
}
[1777542651.575][DEBUG]: DevTools WebSocket Event: DOM.documentUpdated A46E4A837907CD59647646AF50DFA781 {

}
[1777542651.575][DEBUG]: DevTools WebSocket Command: DOM.getDocument (id=247) A46E4A837907CD59647646AF50DFA781 {

}
[1777542651.575][DEBUG]: DevTools WebSocket Event: Page.domContentEventFired A46E4A837907CD59647646AF50DFA781 {
   "timestamp": 13321.192337
}
[1777542651.575][DEBUG]: DevTools WebSocket Command: Runtime.evaluate (id=248) A46E4A837907CD59647646AF50DFA781 {
   "expression": "1"
}
[1777542651.614][DEBUG]: DevTools WebSocket Response: DOM.getDocument (id=247) A46E4A837907CD59647646AF50DFA781 {
   "root": {
      "backendNodeId": 598,
      "baseURL": "https://en.wikipedia.org/wiki/Bill_Gates",
      "childNodeCount": 2,
      "children": [ {
         "backendNodeId": 599,
         "localName": "",
         "nodeId": 70,
         "nodeName": "html",
         "nodeType": 10,
         "nodeValue": "",
         "parentId": 69,
         "publicId": "",
         "systemId": ""
      }, {
         "attributes": [ "class", "client-js vector-feature-language-in-header-enabled vector-feature-language-in-main-menu-disabled vector-feature-language-in-main-page-header-disabled vector-feature-page-tools-pinned-disabled vect...", "lang", "en", "dir", "ltr" ],
         "backendNodeId": 600,
         "childNodeCount": 2,
         "children": [ {
            "attributes": [  ],
            "backendNodeId": 687,
            "childNodeCount": 29,
            "localName": "head",
            "nodeId": 72,
            "nodeName": "HEAD",
            "nodeType": 1,
            "nodeValue": "",
            "parentId": 71
         }, {
            "attributes": [ "class", "skin--responsive skin-vector skin-vector-search-vue mediawiki ltr sitedir-ltr mw-hide-empty-elt ns-0 ns-subject page-Bill_Gates rootpage-Bill_Gates skin-vector-2022 action-view" ],
            "backendNodeId": 688,
            "childNodeCount": 8,
            "localName": "body",
            "nodeId": 73,
            "nodeName": "BODY",
            "nodeType": 1,
            "nodeValue": "",
            "parentId": 71
         } ],
         "frameId": "A46E4A837907CD59647646AF50DFA781",
         "localName": "html",
         "nodeId": 71,
         "nodeName": "HTML",
         "nodeType": 1,
         "nodeValue": "",
         "parentId": 69
      } ],
      "documentURL": "https://en.wikipedia.org/wiki/Bill_Gates",
      "localName": "",
      "nodeId": 69,
      "nodeName": "#document",
      "nodeType": 9,
      "nodeValue": "",
      "xmlVersion": ""
   }
}
[1777542651.614][DEBUG]: DevTools WebSocket Response: Runtime.evaluate (id=248) A46E4A837907CD59647646AF50DFA781 {
   "result": {
      "description": "1",
      "type": "number",
      "value": 1
   }
}
[1777542651.619][DEBUG]: DevTools WebSocket Event: Page.loadEventFired A46E4A837907CD59647646AF50DFA781 {
   "timestamp": 13321.226655
}
[1777542651.619][DEBUG]: DevTools WebSocket Command: Runtime.evaluate (id=249) A46E4A837907CD59647646AF50DFA781 {
   "awaitPromise": false,
   "expression": "document.readyState",
   "returnByValue": true
}
[1777542651.619][DEBUG]: DevTools WebSocket Event: Page.frameStoppedLoading A46E4A837907CD59647646AF50DFA781 {
   "frameId": "A46E4A837907CD59647646AF50DFA781"
}
[1777542651.630][DEBUG]: DevTools WebSocket Response: Runtime.evaluate (id=249) A46E4A837907CD59647646AF50DFA781 {
   "result": {
      "type": "string",
      "value": "complete"
   }
}
[1777542651.630][DEBUG]: DevTools WebSocket Command: Runtime.evaluate (id=250) A46E4A837907CD59647646AF50DFA781 {
   "expression": "1"
}
[1777542651.631][DEBUG]: DevTools WebSocket Response: Runtime.evaluate (id=250) A46E4A837907CD59647646AF50DFA781 {
   "result": {
      "description": "1",
      "type": "number",
      "value": 1
   }
}
[1777542651.631][INFO]: Done waiting for pending navigations. Status: ok
[1777542651.631][INFO]: [b88cffaed75ed7d6c2d553a8980f3ec9] RESPONSE ClickElement
[1777542653.644][INFO]: [b88cffaed75ed7d6c2d553a8980f3ec9] COMMAND GetUrl {

}
[1777542653.644][DEBUG]: DevTools WebSocket Event: DOM.childNodeCountUpdated A46E4A837907CD59647646AF50DFA781 {
   "childNodeCount": 30,
   "nodeId": 72
}
[1777542653.644][DEBUG]: DevTools WebSocket Event: DOM.childNodeCountUpdated A46E4A837907CD59647646AF50DFA781 {
   "childNodeCount": 29,
   "nodeId": 72
}
[1777542653.644][DEBUG]: DevTools WebSocket Event: DOM.childNodeCountUpdated A46E4A837907CD59647646AF50DFA781 {
   "childNodeCount": 30,
   "nodeId": 72
}
[1777542653.644][DEBUG]: DevTools WebSocket Event: DOM.childNodeCountUpdated A46E4A837907CD59647646AF50DFA781 {
   "childNodeCount": 9,
   "nodeId": 73
}
[1777542653.644][DEBUG]: DevTools WebSocket Event: Runtime.consoleAPICalled A46E4A837907CD59647646AF50DFA781 {
   "args": [ {
      "type": "string",
      "value": "Use of \"mw.testKitchen.compat.getExperiment()\" is deprecated. mw.testKitchen.compat.getExperiment() is provided for backwards compatibility with existing experiment code. Use mw.testKitchen.getExpe..."
   } ],
   "executionContextId": 7,
   "stackTrace": {
      "callFrames": [ {
         "columnNumber": 434,
         "functionName": "maybeLog",
         "lineNumber": 7,
         "scriptId": "245",
         "url": "https://en.wikipedia.org/w/load.php?lang=en&modules=mediawiki.base&skin=vector-2022&version=1ozi1"
      }, {
         "columnNumber": 713,
         "functionName": "get",
         "lineNumber": 7,
         "scriptId": "245",
         "url": "https://en.wikipedia.org/w/load.php?lang=en&modules=mediawiki.base&skin=vector-2022&version=1ozi1"
      }, {
         "columnNumber": 455,
         "functionName": "eval",
         "lineNumber": 69,
         "scriptId": "185",
         "url": "https://en.wikipedia.org/w/load.php?lang=en&modules=ext.wikimediaEvents&skin=vector-2022&version=t0wj7"
      }, {
         "columnNumber": 982,
         "functionName": "mightThrow",
         "lineNumber": 56,
         "scriptId": "162",
         "url": "https://en.wikipedia.org/w/load.php?lang=en&modules=ext.tmh.OgvJsSupport%2Cplayer%7Cjquery&skin=vector-2022&version=8r46g"
      }, {
         "columnNumber": 642,
         "functionName": "process",
         "lineNumber": 57,
         "scriptId": "162",
         "url": "https://en.wikipedia.org/w/load.php?lang=en&modules=ext.tmh.OgvJsSupport%2Cplayer%7Cjquery&skin=vector-2022&version=8r46g"
      } ]
   },
   "timestamp": 1.7775426517527139e+12,
   "type": "warning"
}
[1777542653.644][DEBUG]: DevTools WebSocket Event: DOM.childNodeCountUpdated A46E4A837907CD59647646AF50DFA781 {
   "childNodeCount": 10,
   "nodeId": 73
}
[1777542653.644][DEBUG]: DevTools WebSocket Event: DOM.childNodeCountUpdated A46E4A837907CD59647646AF50DFA781 {
   "childNodeCount": 31,
   "nodeId": 72
}
[1777542653.644][DEBUG]: DevTools WebSocket Event: DOM.attributeModified A46E4A837907CD59647646AF50DFA781 {
   "name": "class",
   "nodeId": 71,
   "value": "client-js vector-feature-language-in-header-enabled vector-feature-language-in-main-menu-disabled vector-feature-language-in-main-page-header-disabled vector-feature-page-tools-pinned-disabled vect..."
}
[1777542653.644][DEBUG]: DevTools WebSocket Event: DOM.attributeModified A46E4A837907CD59647646AF50DFA781 {
   "name": "class",
   "nodeId": 73,
   "value": "skin--responsive skin-vector skin-vector-search-vue mediawiki ltr sitedir-ltr mw-hide-empty-elt ns-0 ns-subject page-Bill_Gates rootpage-Bill_Gates skin-vector-2022 action-view uls-dialog-sticky-hide"
}
[1777542653.644][DEBUG]: DevTools WebSocket Event: DOM.attributeModified A46E4A837907CD59647646AF50DFA781 {
   "name": "class",
   "nodeId": 71,
   "value": "client-js vector-feature-language-in-header-enabled vector-feature-language-in-main-menu-disabled vector-feature-language-in-main-page-header-disabled vector-feature-page-tools-pinned-disabled vect..."
}
[1777542653.644][DEBUG]: DevTools WebSocket Event: DOM.childNodeCountUpdated A46E4A837907CD59647646AF50DFA781 {
   "childNodeCount": 32,
   "nodeId": 72
}
[1777542653.644][DEBUG]: DevTools WebSocket Event: DOM.attributeModified A46E4A837907CD59647646AF50DFA781 {
   "name": "class",
   "nodeId": 71,
   "value": "client-js vector-feature-language-in-header-enabled vector-feature-language-in-main-menu-disabled vector-feature-language-in-main-page-header-disabled vector-feature-page-tools-pinned-disabled vect..."
}
[1777542653.644][DEBUG]: DevTools WebSocket Event: DOM.childNodeCountUpdated A46E4A837907CD59647646AF50DFA781 {
   "childNodeCount": 11,
   "nodeId": 73
}
[1777542653.644][DEBUG]: DevTools WebSocket Event: DOM.childNodeCountUpdated A46E4A837907CD59647646AF50DFA781 {
   "childNodeCount": 33,
   "nodeId": 72
}
[1777542653.644][DEBUG]: DevTools WebSocket Event: DOM.childNodeCountUpdated A46E4A837907CD59647646AF50DFA781 {
   "childNodeCount": 34,
   "nodeId": 72
}
[1777542653.644][DEBUG]: DevTools WebSocket Event: DOM.childNodeCountUpdated A46E4A837907CD59647646AF50DFA781 {
   "childNodeCount": 35,
   "nodeId": 72
}
[1777542653.644][INFO]: Waiting for pending navigations...
[1777542653.644][DEBUG]: DevTools WebSocket Command: Runtime.evaluate (id=251) A46E4A837907CD59647646AF50DFA781 {
   "expression": "1"
}
[1777542653.645][DEBUG]: DevTools WebSocket Response: Runtime.evaluate (id=251) A46E4A837907CD59647646AF50DFA781 {
   "result": {
      "description": "1",
      "type": "number",
      "value": 1
   }
}
[1777542653.645][INFO]: Done waiting for pending navigations. Status: ok
[1777542653.646][DEBUG]: DevTools WebSocket Command: Runtime.evaluate (id=252) A46E4A837907CD59647646AF50DFA781 {
   "awaitPromise": true,
   "expression": "(function() { // Copyright (c) 2012 The Chromium Authors. All rights reserved.\n// Use of this source code is governed by a BSD-style license that can be\n// found in the LICENSE file.\n\n/**\n * Enum f...",
   "returnByValue": true
}
[1777542653.647][DEBUG]: DevTools WebSocket Response: Runtime.evaluate (id=252) A46E4A837907CD59647646AF50DFA781 {
   "result": {
      "type": "object",
      "value": {
         "status": 0,
         "value": "https://en.wikipedia.org/wiki/Bill_Gates"
      }
   }
}
[1777542653.647][INFO]: Waiting for pending navigations...
[1777542653.647][DEBUG]: DevTools WebSocket Command: Runtime.evaluate (id=253) A46E4A837907CD59647646AF50DFA781 {
   "expression": "1"
}
[1777542653.648][DEBUG]: DevTools WebSocket Response: Runtime.evaluate (id=253) A46E4A837907CD59647646AF50DFA781 {
   "result": {
      "description": "1",
      "type": "number",
      "value": 1
   }
}
[1777542653.648][INFO]: Done waiting for pending navigations. Status: ok
[1777542653.648][INFO]: [b88cffaed75ed7d6c2d553a8980f3ec9] RESPONSE GetUrl "https://en.wikipedia.org/wiki/Bill_Gates"
[1777542653.666][INFO]: [b88cffaed75ed7d6c2d553a8980f3ec9] COMMAND Navigate {
   "url": "https://en.wikipedia.org/"
}
[1777542653.666][INFO]: Waiting for pending navigations...
[1777542653.666][DEBUG]: DevTools WebSocket Command: Runtime.evaluate (id=254) A46E4A837907CD59647646AF50DFA781 {
   "expression": "1"
}
[1777542653.668][DEBUG]: DevTools WebSocket Response: Runtime.evaluate (id=254) A46E4A837907CD59647646AF50DFA781 {
   "result": {
      "description": "1",
      "type": "number",
      "value": 1
   }
}
[1777542653.668][INFO]: Done waiting for pending navigations. Status: ok
[1777542653.668][DEBUG]: DevTools WebSocket Command: Page.navigate (id=255) A46E4A837907CD59647646AF50DFA781 {
   "url": "https://en.wikipedia.org/"
}
[1777542653.808][DEBUG]: DevTools WebSocket Response: Page.navigate (id=255) A46E4A837907CD59647646AF50DFA781 {
   "frameId": "A46E4A837907CD59647646AF50DFA781",
   "loaderId": "771E176FE3157E8113DFBEE6ACB03AB6"
}
[1777542653.808][DEBUG]: DevTools WebSocket Command: Runtime.evaluate (id=256) A46E4A837907CD59647646AF50DFA781 {
   "expression": "document.URL"
}
[1777542653.816][DEBUG]: DevTools WebSocket Event: Page.frameStartedLoading A46E4A837907CD59647646AF50DFA781 {
   "frameId": "A46E4A837907CD59647646AF50DFA781"
}
[1777542653.849][DEBUG]: DevTools WebSocket Event: Runtime.executionContextsCleared A46E4A837907CD59647646AF50DFA781 {

}
[1777542653.849][DEBUG]: DevTools WebSocket Event: Page.frameNavigated A46E4A837907CD59647646AF50DFA781 {
   "frame": {
      "adFrameType": "none",
      "crossOriginIsolatedContextType": "NotIsolated",
      "domainAndRegistry": "wikipedia.org",
      "gatedAPIFeatures": [ "SharedArrayBuffersTransferAllowed" ],
      "id": "A46E4A837907CD59647646AF50DFA781",
      "loaderId": "771E176FE3157E8113DFBEE6ACB03AB6",
      "mimeType": "text/html",
      "secureContextType": "Secure",
      "securityOrigin": "https://en.wikipedia.org",
      "url": "https://en.wikipedia.org/wiki/Main_Page"
   }
}
[1777542653.849][DEBUG]: DevTools WebSocket Event: Runtime.executionContextCreated A46E4A837907CD59647646AF50DFA781 {
   "context": {
      "auxData": {
         "frameId": "A46E4A837907CD59647646AF50DFA781",
         "isDefault": true,
         "type": "default"
      },
      "id": 8,
      "name": "",
      "origin": "https://en.wikipedia.org",
      "uniqueId": "-5073761538870734275.-7037314764309883610"
   }
}
[1777542653.849][DEBUG]: DevTools WebSocket Event: DOM.documentUpdated A46E4A837907CD59647646AF50DFA781 {

}
[1777542653.849][DEBUG]: DevTools WebSocket Command: DOM.getDocument (id=257) A46E4A837907CD59647646AF50DFA781 {

}
[1777542653.853][DEBUG]: DevTools WebSocket Response: Runtime.evaluate (id=256) A46E4A837907CD59647646AF50DFA781 {
   "result": {
      "type": "string",
      "value": "https://en.wikipedia.org/wiki/Main_Page"
   }
}
[1777542653.853][INFO]: Waiting for pending navigations...
[1777542653.853][DEBUG]: DevTools WebSocket Command: Runtime.evaluate (id=258) A46E4A837907CD59647646AF50DFA781 {
   "expression": "1"
}
[1777542653.988][DEBUG]: DevTools WebSocket Response: DOM.getDocument (id=257) A46E4A837907CD59647646AF50DFA781 {
   "root": {
      "backendNodeId": 732,
      "baseURL": "https://en.wikipedia.org/wiki/Main_Page",
      "childNodeCount": 2,
      "children": [ {
         "backendNodeId": 733,
         "localName": "",
         "nodeId": 75,
         "nodeName": "html",
         "nodeType": 10,
         "nodeValue": "",
         "parentId": 74,
         "publicId": "",
         "systemId": ""
      }, {
         "attributes": [ "class", "client-js vector-feature-language-in-header-enabled vector-feature-language-in-main-menu-disabled vector-feature-language-in-main-page-header-disabled vector-feature-page-tools-pinned-disabled vect...", "lang", "en", "dir", "ltr" ],
         "backendNodeId": 734,
         "childNodeCount": 2,
         "children": [ {
            "attributes": [  ],
            "backendNodeId": 735,
            "childNodeCount": 32,
            "localName": "head",
            "nodeId": 77,
            "nodeName": "HEAD",
            "nodeType": 1,
            "nodeValue": "",
            "parentId": 76
         }, {
            "attributes": [ "class", "skin--responsive skin-vector skin-vector-search-vue mediawiki ltr sitedir-ltr mw-hide-empty-elt ns-0 ns-subject page-Main_Page rootpage-Main_Page skin-vector-2022 action-view" ],
            "backendNodeId": 736,
            "childNodeCount": 4,
            "localName": "body",
            "nodeId": 78,
            "nodeName": "BODY",
            "nodeType": 1,
            "nodeValue": "",
            "parentId": 76
         } ],
         "frameId": "A46E4A837907CD59647646AF50DFA781",
         "localName": "html",
         "nodeId": 76,
         "nodeName": "HTML",
         "nodeType": 1,
         "nodeValue": "",
         "parentId": 74
      } ],
      "documentURL": "https://en.wikipedia.org/wiki/Main_Page",
      "localName": "",
      "nodeId": 74,
      "nodeName": "#document",
      "nodeType": 9,
      "nodeValue": "",
      "xmlVersion": ""
   }
}
[1777542653.988][DEBUG]: DevTools WebSocket Response: Runtime.evaluate (id=258) A46E4A837907CD59647646AF50DFA781 {
   "result": {
      "description": "1",
      "type": "number",
      "value": 1
   }
}
[1777542654.000][DEBUG]: DevTools WebSocket Event: DOM.childNodeCountUpdated A46E4A837907CD59647646AF50DFA781 {
   "childNodeCount": 33,
   "nodeId": 77
}
[1777542654.000][DEBUG]: DevTools WebSocket Command: Runtime.evaluate (id=259) A46E4A837907CD59647646AF50DFA781 {
   "expression": "1"
}
[1777542654.016][DEBUG]: DevTools WebSocket Response: Runtime.evaluate (id=259) A46E4A837907CD59647646AF50DFA781 {
   "result": {
      "description": "1",
      "type": "number",
      "value": 1
   }
}
[1777542654.138][DEBUG]: DevTools WebSocket Event: Page.frameResized A46E4A837907CD59647646AF50DFA781 {

}
[1777542654.138][DEBUG]: DevTools WebSocket Command: Runtime.evaluate (id=260) A46E4A837907CD59647646AF50DFA781 {
   "expression": "1"
}
[1777542654.144][DEBUG]: DevTools WebSocket Event: DOM.childNodeCountUpdated A46E4A837907CD59647646AF50DFA781 {
   "childNodeCount": 5,
   "nodeId": 78
}
[1777542654.144][DEBUG]: DevTools WebSocket Event: DOM.childNodeCountUpdated A46E4A837907CD59647646AF50DFA781 {
   "childNodeCount": 6,
   "nodeId": 78
}
[1777542654.148][DEBUG]: DevTools WebSocket Response: Runtime.evaluate (id=260) A46E4A837907CD59647646AF50DFA781 {
   "result": {
      "description": "1",
      "type": "number",
      "value": 1
   }
}
[1777542654.153][DEBUG]: DevTools WebSocket Event: DOM.childNodeCountUpdated A46E4A837907CD59647646AF50DFA781 {
   "childNodeCount": 7,
   "nodeId": 78
}
[1777542654.153][DEBUG]: DevTools WebSocket Command: Runtime.evaluate (id=261) A46E4A837907CD59647646AF50DFA781 {
   "expression": "1"
}
[1777542654.153][DEBUG]: DevTools WebSocket Event: DOM.childNodeCountUpdated A46E4A837907CD59647646AF50DFA781 {
   "childNodeCount": 8,
   "nodeId": 78
}
[1777542654.153][DEBUG]: DevTools WebSocket Event: DOM.documentUpdated A46E4A837907CD59647646AF50DFA781 {

}
[1777542654.153][DEBUG]: DevTools WebSocket Command: DOM.getDocument (id=262) A46E4A837907CD59647646AF50DFA781 {

}
[1777542654.154][DEBUG]: DevTools WebSocket Event: Page.domContentEventFired A46E4A837907CD59647646AF50DFA781 {
   "timestamp": 13323.770478
}
[1777542654.156][DEBUG]: DevTools WebSocket Response: Runtime.evaluate (id=261) A46E4A837907CD59647646AF50DFA781 {
   "result": {
      "description": "1",
      "type": "number",
      "value": 1
   }
}
[1777542654.157][DEBUG]: DevTools WebSocket Response: DOM.getDocument (id=262) A46E4A837907CD59647646AF50DFA781 {
   "root": {
      "backendNodeId": 732,
      "baseURL": "https://en.wikipedia.org/wiki/Main_Page",
      "childNodeCount": 2,
      "children": [ {
         "backendNodeId": 733,
         "localName": "",
         "nodeId": 80,
         "nodeName": "html",
         "nodeType": 10,
         "nodeValue": "",
         "parentId": 79,
         "publicId": "",
         "systemId": ""
      }, {
         "attributes": [ "class", "client-js vector-feature-language-in-header-enabled vector-feature-language-in-main-menu-disabled vector-feature-language-in-main-page-header-disabled vector-feature-page-tools-pinned-disabled vect...", "lang", "en", "dir", "ltr" ],
         "backendNodeId": 734,
         "childNodeCount": 2,
         "children": [ {
            "attributes": [  ],
            "backendNodeId": 735,
            "childNodeCount": 32,
            "localName": "head",
            "nodeId": 82,
            "nodeName": "HEAD",
            "nodeType": 1,
            "nodeValue": "",
            "parentId": 81
         }, {
            "attributes": [ "class", "skin--responsive skin-vector skin-vector-search-vue mediawiki ltr sitedir-ltr mw-hide-empty-elt ns-0 ns-subject page-Main_Page rootpage-Main_Page skin-vector-2022 action-view" ],
            "backendNodeId": 736,
            "childNodeCount": 8,
            "localName": "body",
            "nodeId": 83,
            "nodeName": "BODY",
            "nodeType": 1,
            "nodeValue": "",
            "parentId": 81
         } ],
         "frameId": "A46E4A837907CD59647646AF50DFA781",
         "localName": "html",
         "nodeId": 81,
         "nodeName": "HTML",
         "nodeType": 1,
         "nodeValue": "",
         "parentId": 79
      } ],
      "documentURL": "https://en.wikipedia.org/wiki/Main_Page",
      "localName": "",
      "nodeId": 79,
      "nodeName": "#document",
      "nodeType": 9,
      "nodeValue": "",
      "xmlVersion": ""
   }
}
[1777542654.157][DEBUG]: DevTools WebSocket Command: Runtime.evaluate (id=263) A46E4A837907CD59647646AF50DFA781 {
   "expression": "1"
}
[1777542654.161][DEBUG]: DevTools WebSocket Event: Page.loadEventFired A46E4A837907CD59647646AF50DFA781 {
   "timestamp": 13323.774526
}
[1777542654.161][DEBUG]: DevTools WebSocket Command: Runtime.evaluate (id=264) A46E4A837907CD59647646AF50DFA781 {
   "awaitPromise": false,
   "expression": "document.readyState",
   "returnByValue": true
}
[1777542654.162][DEBUG]: DevTools WebSocket Event: Page.frameStoppedLoading A46E4A837907CD59647646AF50DFA781 {
   "frameId": "A46E4A837907CD59647646AF50DFA781"
}
[1777542654.178][DEBUG]: DevTools WebSocket Event: DOM.childNodeInserted A46E4A837907CD59647646AF50DFA781 {
   "node": {
      "attributes": [  ],
      "backendNodeId": 781,
      "childNodeCount": 0,
      "localName": "fieldset",
      "nodeId": 84,
      "nodeName": "FIELDSET",
      "nodeType": 1,
      "nodeValue": ""
   },
   "parentNodeId": 81,
   "previousNodeId": 83
}
[1777542654.178][DEBUG]: DevTools WebSocket Event: DOM.attributeModified A46E4A837907CD59647646AF50DFA781 {
   "name": "id",
   "nodeId": 84,
   "value": "jQuery37107112089103202983"
}
[1777542654.178][DEBUG]: DevTools WebSocket Event: DOM.childNodeRemoved A46E4A837907CD59647646AF50DFA781 {
   "nodeId": 84,
   "parentNodeId": 81
}
[1777542654.178][DEBUG]: DevTools WebSocket Event: DOM.childNodeInserted A46E4A837907CD59647646AF50DFA781 {
   "node": {
      "attributes": [  ],
      "backendNodeId": 782,
      "childNodeCount": 0,
      "localName": "fieldset",
      "nodeId": 85,
      "nodeName": "FIELDSET",
      "nodeType": 1,
      "nodeValue": ""
   },
   "parentNodeId": 81,
   "previousNodeId": 83
}
[1777542654.179][DEBUG]: DevTools WebSocket Event: DOM.childNodeCountUpdated A46E4A837907CD59647646AF50DFA781 {
   "childNodeCount": 1,
   "nodeId": 85
}
[1777542654.179][DEBUG]: DevTools WebSocket Event: DOM.childNodeCountUpdated A46E4A837907CD59647646AF50DFA781 {
   "childNodeCount": 2,
   "nodeId": 85
}
[1777542654.179][DEBUG]: DevTools WebSocket Event: DOM.childNodeCountUpdated A46E4A837907CD59647646AF50DFA781 {
   "childNodeCount": 3,
   "nodeId": 85
}
[1777542654.179][DEBUG]: DevTools WebSocket Event: DOM.childNodeRemoved A46E4A837907CD59647646AF50DFA781 {
   "nodeId": 85,
   "parentNodeId": 81
}
[1777542654.179][DEBUG]: DevTools WebSocket Event: DOM.childNodeInserted A46E4A837907CD59647646AF50DFA781 {
   "node": {
      "attributes": [  ],
      "backendNodeId": 782,
      "childNodeCount": 3,
      "localName": "fieldset",
      "nodeId": 86,
      "nodeName": "FIELDSET",
      "nodeType": 1,
      "nodeValue": ""
   },
   "parentNodeId": 81,
   "previousNodeId": 83
}
[1777542654.179][DEBUG]: DevTools WebSocket Event: DOM.attributeModified A46E4A837907CD59647646AF50DFA781 {
   "name": "disabled",
   "nodeId": 86,
   "value": ""
}
[1777542654.179][DEBUG]: DevTools WebSocket Event: DOM.childNodeCountUpdated A46E4A837907CD59647646AF50DFA781 {
   "childNodeCount": 4,
   "nodeId": 86
}
[1777542654.179][DEBUG]: DevTools WebSocket Event: DOM.childNodeRemoved A46E4A837907CD59647646AF50DFA781 {
   "nodeId": 86,
   "parentNodeId": 81
}
[1777542654.180][DEBUG]: DevTools WebSocket Response: Runtime.evaluate (id=263) A46E4A837907CD59647646AF50DFA781 {
   "result": {
      "description": "1",
      "type": "number",
      "value": 1
   }
}
[1777542654.180][DEBUG]: DevTools WebSocket Response: Runtime.evaluate (id=264) A46E4A837907CD59647646AF50DFA781 {
   "result": {
      "type": "string",
      "value": "complete"
   }
}
[1777542654.180][INFO]: Done waiting for pending navigations. Status: ok
[1777542654.180][INFO]: [b88cffaed75ed7d6c2d553a8980f3ec9] RESPONSE Navigate
[1777542654.200][INFO]: [b88cffaed75ed7d6c2d553a8980f3ec9] COMMAND FindElement {
   "using": "css selector",
   "value": "#vector\\-main\\-menu\\-dropdown\\-checkbox"
}
[1777542654.200][INFO]: Waiting for pending navigations...
[1777542654.201][DEBUG]: DevTools WebSocket Command: Runtime.evaluate (id=265) A46E4A837907CD59647646AF50DFA781 {
   "expression": "1"
}
[1777542654.206][DEBUG]: DevTools WebSocket Response: Runtime.evaluate (id=265) A46E4A837907CD59647646AF50DFA781 {
   "result": {
      "description": "1",
      "type": "number",
      "value": 1
   }
}
[1777542654.207][INFO]: Done waiting for pending navigations. Status: ok
[1777542654.210][DEBUG]: DevTools WebSocket Command: Runtime.evaluate (id=266) A46E4A837907CD59647646AF50DFA781 {
   "awaitPromise": true,
   "expression": "(function() { // Copyright (c) 2012 The Chromium Authors. All rights reserved.\n// Use of this source code is governed by a BSD-style license that can be\n// found in the LICENSE file.\n\n/**\n * Enum f...",
   "returnByValue": true
}
[1777542654.218][DEBUG]: DevTools WebSocket Response: Runtime.evaluate (id=266) A46E4A837907CD59647646AF50DFA781 {
   "result": {
      "type": "object",
      "value": {
         "status": 0,
         "value": {
            "element-6066-11e4-a52e-4f735466cecf": "bb08dd1c-0b70-45f7-96b1-0baa6e99ff8c"
         }
      }
   }
}
[1777542654.218][INFO]: Waiting for pending navigations...
[1777542654.218][DEBUG]: DevTools WebSocket Command: Runtime.evaluate (id=267) A46E4A837907CD59647646AF50DFA781 {
   "expression": "1"
}
[1777542654.220][DEBUG]: DevTools WebSocket Response: Runtime.evaluate (id=267) A46E4A837907CD59647646AF50DFA781 {
   "result": {
      "description": "1",
      "type": "number",
      "value": 1
   }
}
[1777542654.220][INFO]: Done waiting for pending navigations. Status: ok
[1777542654.220][INFO]: [b88cffaed75ed7d6c2d553a8980f3ec9] RESPONSE FindElement {
   "element-6066-11e4-a52e-4f735466cecf": "bb08dd1c-0b70-45f7-96b1-0baa6e99ff8c"
}
[1777542654.267][INFO]: [b88cffaed75ed7d6c2d553a8980f3ec9] COMMAND ClickElement {
   "id": "bb08dd1c-0b70-45f7-96b1-0baa6e99ff8c"
}
[1777542654.267][INFO]: Waiting for pending navigations...
[1777542654.267][DEBUG]: DevTools WebSocket Command: Runtime.evaluate (id=268) A46E4A837907CD59647646AF50DFA781 {
   "expression": "1"
}
[1777542654.277][DEBUG]: DevTools WebSocket Event: DOM.childNodeCountUpdated A46E4A837907CD59647646AF50DFA781 {
   "childNodeCount": 33,
   "nodeId": 82
}
[1777542654.278][DEBUG]: DevTools WebSocket Event: DOM.childNodeCountUpdated A46E4A837907CD59647646AF50DFA781 {
   "childNodeCount": 32,
   "nodeId": 82
}
[1777542654.295][DEBUG]: DevTools WebSocket Event: DOM.childNodeCountUpdated A46E4A837907CD59647646AF50DFA781 {
   "childNodeCount": 33,
   "nodeId": 82
}
[1777542654.295][DEBUG]: DevTools WebSocket Event: DOM.childNodeCountUpdated A46E4A837907CD59647646AF50DFA781 {
   "childNodeCount": 9,
   "nodeId": 83
}
[1777542654.295][DEBUG]: DevTools WebSocket Response: Runtime.evaluate (id=268) A46E4A837907CD59647646AF50DFA781 {
   "result": {
      "description": "1",
      "type": "number",
      "value": 1
   }
}
[1777542654.295][INFO]: Done waiting for pending navigations. Status: ok
[1777542654.295][DEBUG]: DevTools WebSocket Command: Runtime.evaluate (id=269) A46E4A837907CD59647646AF50DFA781 {
   "awaitPromise": true,
   "expression": "(function() { // Copyright (c) 2012 The Chromium Authors. All rights reserved.\n// Use of this source code is governed by a BSD-style license that can be\n// found in the LICENSE file.\n\n/**\n * Enum f...",
   "returnByValue": true
}
[1777542654.301][DEBUG]: DevTools WebSocket Event: Runtime.consoleAPICalled A46E4A837907CD59647646AF50DFA781 {
   "args": [ {
      "type": "string",
      "value": "Use of \"mw.testKitchen.compat.getExperiment()\" is deprecated. mw.testKitchen.compat.getExperiment() is provided for backwards compatibility with existing experiment code. Use mw.testKitchen.getExpe..."
   } ],
   "executionContextId": 8,
   "stackTrace": {
      "callFrames": [ {
         "columnNumber": 434,
         "functionName": "maybeLog",
         "lineNumber": 7,
         "scriptId": "245",
         "url": "https://en.wikipedia.org/w/load.php?lang=en&modules=mediawiki.base&skin=vector-2022&version=1ozi1"
      }, {
         "columnNumber": 713,
         "functionName": "get",
         "lineNumber": 7,
         "scriptId": "245",
         "url": "https://en.wikipedia.org/w/load.php?lang=en&modules=mediawiki.base&skin=vector-2022&version=1ozi1"
      }, {
         "columnNumber": 455,
         "functionName": "eval",
         "lineNumber": 69,
         "scriptId": "185",
         "url": "https://en.wikipedia.org/w/load.php?lang=en&modules=ext.wikimediaEvents&skin=vector-2022&version=t0wj7"
      }, {
         "columnNumber": 982,
         "functionName": "mightThrow",
         "lineNumber": 43,
         "scriptId": "254",
         "url": "https://en.wikipedia.org/w/load.php?lang=en&modules=jquery&skin=vector-2022&version=r2z40"
      }, {
         "columnNumber": 642,
         "functionName": "process",
         "lineNumber": 44,
         "scriptId": "254",
         "url": "https://en.wikipedia.org/w/load.php?lang=en&modules=jquery&skin=vector-2022&version=r2z40"
      } ]
   },
   "timestamp": 1.777542654299647e+12,
   "type": "warning"
}
[1777542654.302][DEBUG]: DevTools WebSocket Response: Runtime.evaluate (id=269) A46E4A837907CD59647646AF50DFA781 {
   "result": {
      "type": "object",
      "value": {
         "status": 0,
         "value": "input"
      }
   }
}
[1777542654.304][DEBUG]: DevTools WebSocket Command: Runtime.evaluate (id=270) A46E4A837907CD59647646AF50DFA781 {
   "awaitPromise": true,
   "expression": "(function() { // Copyright (c) 2012 The Chromium Authors. All rights reserved.\n// Use of this source code is governed by a BSD-style license that can be\n// found in the LICENSE file.\n\n/**\n * Enum f...",
   "returnByValue": true
}
[1777542654.311][DEBUG]: DevTools WebSocket Event: DOM.childNodeCountUpdated A46E4A837907CD59647646AF50DFA781 {
   "childNodeCount": 10,
   "nodeId": 83
}
[1777542654.326][DEBUG]: DevTools WebSocket Event: DOM.childNodeCountUpdated A46E4A837907CD59647646AF50DFA781 {
   "childNodeCount": 34,
   "nodeId": 82
}
[1777542654.326][DEBUG]: DevTools WebSocket Event: DOM.attributeModified A46E4A837907CD59647646AF50DFA781 {
   "name": "class",
   "nodeId": 81,
   "value": "client-js vector-feature-language-in-header-enabled vector-feature-language-in-main-menu-disabled vector-feature-language-in-main-page-header-disabled vector-feature-page-tools-pinned-disabled vect..."
}
[1777542654.326][DEBUG]: DevTools WebSocket Event: DOM.attributeModified A46E4A837907CD59647646AF50DFA781 {
   "name": "class",
   "nodeId": 83,
   "value": "skin--responsive skin-vector skin-vector-search-vue mediawiki ltr sitedir-ltr mw-hide-empty-elt ns-0 ns-subject page-Main_Page rootpage-Main_Page skin-vector-2022 action-view uls-dialog-sticky-hide"
}
[1777542654.326][DEBUG]: DevTools WebSocket Event: DOM.attributeModified A46E4A837907CD59647646AF50DFA781 {
   "name": "class",
   "nodeId": 81,
   "value": "client-js vector-feature-language-in-header-enabled vector-feature-language-in-main-menu-disabled vector-feature-language-in-main-page-header-disabled vector-feature-page-tools-pinned-disabled vect..."
}
[1777542654.330][DEBUG]: DevTools WebSocket Response: Runtime.evaluate (id=270) A46E4A837907CD59647646AF50DFA781 {
   "result": {
      "type": "object",
      "value": {
         "status": 0,
         "value": "checkbox"
      }
   }
}
[1777542654.331][DEBUG]: DevTools WebSocket Command: Runtime.evaluate (id=271) A46E4A837907CD59647646AF50DFA781 {
   "awaitPromise": true,
   "expression": "(function() { // Copyright (c) 2012 The Chromium Authors. All rights reserved.\n// Use of this source code is governed by a BSD-style license that can be\n// found in the LICENSE file.\n\n/**\n * Enum f...",
   "returnByValue": true
}
[1777542654.341][DEBUG]: DevTools WebSocket Response: Runtime.evaluate (id=271) A46E4A837907CD59647646AF50DFA781 {
   "result": {
      "type": "object",
      "value": {
         "status": 0,
         "value": "input"
      }
   }
}
[1777542654.343][DEBUG]: DevTools WebSocket Command: Runtime.evaluate (id=272) A46E4A837907CD59647646AF50DFA781 {
   "awaitPromise": true,
   "expression": "(function() { // Copyright (c) 2012 The Chromium Authors. All rights reserved.\n// Use of this source code is governed by a BSD-style license that can be\n// found in the LICENSE file.\n\n/**\n * Enum f...",
   "returnByValue": true
}
[1777542654.348][DEBUG]: DevTools WebSocket Event: DOM.childNodeCountUpdated A46E4A837907CD59647646AF50DFA781 {
   "childNodeCount": 35,
   "nodeId": 82
}
[1777542654.348][DEBUG]: DevTools WebSocket Event: DOM.attributeModified A46E4A837907CD59647646AF50DFA781 {
   "name": "class",
   "nodeId": 81,
   "value": "client-js vector-feature-language-in-header-enabled vector-feature-language-in-main-menu-disabled vector-feature-language-in-main-page-header-disabled vector-feature-page-tools-pinned-disabled vect..."
}
[1777542654.356][DEBUG]: DevTools WebSocket Response: Runtime.evaluate (id=272) A46E4A837907CD59647646AF50DFA781 {
   "result": {
      "type": "object",
      "value": {
         "status": 0,
         "value": true
      }
   }
}
[1777542654.357][DEBUG]: DevTools WebSocket Command: Runtime.evaluate (id=273) A46E4A837907CD59647646AF50DFA781 {
   "awaitPromise": true,
   "expression": "(function() { // Copyright (c) 2012 The Chromium Authors. All rights reserved.\n// Use of this source code is governed by a BSD-style license that can be\n// found in the LICENSE file.\n\n/**\n * Enum f...",
   "returnByValue": true
}
[1777542654.358][DEBUG]: DevTools WebSocket Event: DOM.childNodeCountUpdated A46E4A837907CD59647646AF50DFA781 {
   "childNodeCount": 11,
   "nodeId": 83
}
[1777542654.374][DEBUG]: DevTools WebSocket Response: Runtime.evaluate (id=273) A46E4A837907CD59647646AF50DFA781 {
   "result": {
      "type": "object",
      "value": {
         "status": 0,
         "value": {
            "height": 32,
            "left": 0,
            "top": 0,
            "width": 32
         }
      }
   }
}
[1777542654.376][DEBUG]: DevTools WebSocket Command: Runtime.evaluate (id=274) A46E4A837907CD59647646AF50DFA781 {
   "awaitPromise": true,
   "expression": "(function() { // Copyright (c) 2012 The Chromium Authors. All rights reserved.\n// Use of this source code is governed by a BSD-style license that can be\n// found in the LICENSE file.\n\n/**\n * Enum f...",
   "returnByValue": true
}
[1777542654.388][DEBUG]: DevTools WebSocket Response: Runtime.evaluate (id=274) A46E4A837907CD59647646AF50DFA781 {
   "result": {
      "type": "object",
      "value": {
         "status": 0,
         "value": {
            "ceil": {

            },
            "clone": {

            },
            "floor": {

            },
            "round": {

            },
            "scale": {

            },
            "translate": {

            },
            "x": 200.5,
            "y": 17
         }
      }
   }
}
[1777542654.390][DEBUG]: DevTools WebSocket Command: Runtime.evaluate (id=275) A46E4A837907CD59647646AF50DFA781 {
   "awaitPromise": true,
   "expression": "(function() { // Copyright (c) 2012 The Chromium Authors. All rights reserved.\n// Use of this source code is governed by a BSD-style license that can be\n// found in the LICENSE file.\n\n/**\n * Enum f...",
   "returnByValue": true
}
[1777542654.401][DEBUG]: DevTools WebSocket Event: DOM.childNodeCountUpdated A46E4A837907CD59647646AF50DFA781 {
   "childNodeCount": 36,
   "nodeId": 82
}
[1777542654.403][DEBUG]: DevTools WebSocket Response: Runtime.evaluate (id=275) A46E4A837907CD59647646AF50DFA781 {
   "result": {
      "type": "object",
      "value": {
         "status": 0,
         "value": {
            "clickable": true
         }
      }
   }
}
[1777542654.403][DEBUG]: DevTools WebSocket Command: Input.dispatchMouseEvent (id=276) A46E4A837907CD59647646AF50DFA781 {
   "button": "none",
   "buttons": 0,
   "clickCount": 0,
   "force": 0.0,
   "modifiers": 0,
   "pointerType": "mouse",
   "tangentialPressure": 0.0,
   "tiltX": 0,
   "tiltY": 0,
   "twist": 0,
   "type": "mouseMoved",
   "x": 216,
   "y": 33
}
[1777542654.403][DEBUG]: DevTools WebSocket Command: Input.dispatchMouseEvent (id=277) A46E4A837907CD59647646AF50DFA781 {
   "button": "left",
   "buttons": 0,
   "clickCount": 1,
   "force": 0.0,
   "modifiers": 0,
   "pointerType": "mouse",
   "tangentialPressure": 0.0,
   "tiltX": 0,
   "tiltY": 0,
   "twist": 0,
   "type": "mousePressed",
   "x": 216,
   "y": 33
}
[1777542654.404][DEBUG]: DevTools WebSocket Command: Input.dispatchMouseEvent (id=278) A46E4A837907CD59647646AF50DFA781 {
   "button": "left",
   "buttons": 1,
   "clickCount": 1,
   "force": 0.0,
   "modifiers": 0,
   "pointerType": "mouse",
   "tangentialPressure": 0.0,
   "tiltX": 0,
   "tiltY": 0,
   "twist": 0,
   "type": "mouseReleased",
   "x": 216,
   "y": 33
}
[1777542654.404][DEBUG]: DevTools WebSocket Response: Input.dispatchMouseEvent (id=276) A46E4A837907CD59647646AF50DFA781 {

}
[1777542654.416][DEBUG]: DevTools WebSocket Event: DOM.childNodeCountUpdated A46E4A837907CD59647646AF50DFA781 {
   "childNodeCount": 37,
   "nodeId": 82
}
[1777542654.420][DEBUG]: DevTools WebSocket Response: Input.dispatchMouseEvent (id=277) A46E4A837907CD59647646AF50DFA781 {

}
[1777542654.423][DEBUG]: DevTools WebSocket Response: Input.dispatchMouseEvent (id=278) A46E4A837907CD59647646AF50DFA781 {

}
[1777542654.423][INFO]: Waiting for pending navigations...
[1777542654.423][DEBUG]: DevTools WebSocket Command: Runtime.evaluate (id=279) A46E4A837907CD59647646AF50DFA781 {
   "expression": "1"
}
[1777542654.427][DEBUG]: DevTools WebSocket Response: Runtime.evaluate (id=279) A46E4A837907CD59647646AF50DFA781 {
   "result": {
      "description": "1",
      "type": "number",
      "value": 1
   }
}
[1777542654.427][INFO]: Done waiting for pending navigations. Status: ok
[1777542654.427][INFO]: [b88cffaed75ed7d6c2d553a8980f3ec9] RESPONSE ClickElement
[1777542654.444][INFO]: [b88cffaed75ed7d6c2d553a8980f3ec9] COMMAND FindElement {
   "using": "css selector",
   "value": "#n\\-aboutsite"
}
[1777542654.444][INFO]: Waiting for pending navigations...
[1777542654.444][DEBUG]: DevTools WebSocket Command: Runtime.evaluate (id=280) A46E4A837907CD59647646AF50DFA781 {
   "expression": "1"
}
[1777542654.445][DEBUG]: DevTools WebSocket Response: Runtime.evaluate (id=280) A46E4A837907CD59647646AF50DFA781 {
   "result": {
      "description": "1",
      "type": "number",
      "value": 1
   }
}
[1777542654.445][INFO]: Done waiting for pending navigations. Status: ok
[1777542654.448][DEBUG]: DevTools WebSocket Command: Runtime.evaluate (id=281) A46E4A837907CD59647646AF50DFA781 {
   "awaitPromise": true,
   "expression": "(function() { // Copyright (c) 2012 The Chromium Authors. All rights reserved.\n// Use of this source code is governed by a BSD-style license that can be\n// found in the LICENSE file.\n\n/**\n * Enum f...",
   "returnByValue": true
}
[1777542654.456][DEBUG]: DevTools WebSocket Response: Runtime.evaluate (id=281) A46E4A837907CD59647646AF50DFA781 {
   "result": {
      "type": "object",
      "value": {
         "status": 0,
         "value": {
            "element-6066-11e4-a52e-4f735466cecf": "4210aa99-6b84-4c49-b128-9a23cf588675"
         }
      }
   }
}
[1777542654.456][INFO]: Waiting for pending navigations...
[1777542654.456][DEBUG]: DevTools WebSocket Command: Runtime.evaluate (id=282) A46E4A837907CD59647646AF50DFA781 {
   "expression": "1"
}
[1777542654.457][DEBUG]: DevTools WebSocket Response: Runtime.evaluate (id=282) A46E4A837907CD59647646AF50DFA781 {
   "result": {
      "description": "1",
      "type": "number",
      "value": 1
   }
}
[1777542654.458][INFO]: Done waiting for pending navigations. Status: ok
[1777542654.458][INFO]: [b88cffaed75ed7d6c2d553a8980f3ec9] RESPONSE FindElement {
   "element-6066-11e4-a52e-4f735466cecf": "4210aa99-6b84-4c49-b128-9a23cf588675"
}
[1777542654.474][INFO]: [b88cffaed75ed7d6c2d553a8980f3ec9] COMMAND ClickElement {
   "id": "4210aa99-6b84-4c49-b128-9a23cf588675"
}
[1777542654.474][INFO]: Waiting for pending navigations...
[1777542654.474][DEBUG]: DevTools WebSocket Command: Runtime.evaluate (id=283) A46E4A837907CD59647646AF50DFA781 {
   "expression": "1"
}
[1777542654.476][DEBUG]: DevTools WebSocket Response: Runtime.evaluate (id=283) A46E4A837907CD59647646AF50DFA781 {
   "result": {
      "description": "1",
      "type": "number",
      "value": 1
   }
}
[1777542654.476][INFO]: Done waiting for pending navigations. Status: ok
[1777542654.477][DEBUG]: DevTools WebSocket Command: Runtime.evaluate (id=284) A46E4A837907CD59647646AF50DFA781 {
   "awaitPromise": true,
   "expression": "(function() { // Copyright (c) 2012 The Chromium Authors. All rights reserved.\n// Use of this source code is governed by a BSD-style license that can be\n// found in the LICENSE file.\n\n/**\n * Enum f...",
   "returnByValue": true
}
[1777542654.480][DEBUG]: DevTools WebSocket Response: Runtime.evaluate (id=284) A46E4A837907CD59647646AF50DFA781 {
   "result": {
      "type": "object",
      "value": {
         "status": 0,
         "value": "li"
      }
   }
}
[1777542654.480][DEBUG]: DevTools WebSocket Command: Runtime.evaluate (id=285) A46E4A837907CD59647646AF50DFA781 {
   "awaitPromise": true,
   "expression": "(function() { // Copyright (c) 2012 The Chromium Authors. All rights reserved.\n// Use of this source code is governed by a BSD-style license that can be\n// found in the LICENSE file.\n\n/**\n * Enum f...",
   "returnByValue": true
}
[1777542654.482][DEBUG]: DevTools WebSocket Response: Runtime.evaluate (id=285) A46E4A837907CD59647646AF50DFA781 {
   "result": {
      "type": "object",
      "value": {
         "status": 0,
         "value": "li"
      }
   }
}
[1777542654.484][DEBUG]: DevTools WebSocket Command: Runtime.evaluate (id=286) A46E4A837907CD59647646AF50DFA781 {
   "awaitPromise": true,
   "expression": "(function() { // Copyright (c) 2012 The Chromium Authors. All rights reserved.\n// Use of this source code is governed by a BSD-style license that can be\n// found in the LICENSE file.\n\n/**\n * Enum f...",
   "returnByValue": true
}
[1777542654.493][DEBUG]: DevTools WebSocket Response: Runtime.evaluate (id=286) A46E4A837907CD59647646AF50DFA781 {
   "result": {
      "type": "object",
      "value": {
         "status": 0,
         "value": true
      }
   }
}
[1777542654.494][DEBUG]: DevTools WebSocket Command: Runtime.evaluate (id=287) A46E4A837907CD59647646AF50DFA781 {
   "awaitPromise": true,
   "expression": "(function() { // Copyright (c) 2012 The Chromium Authors. All rights reserved.\n// Use of this source code is governed by a BSD-style license that can be\n// found in the LICENSE file.\n\n/**\n * Enum f...",
   "returnByValue": true
}
[1777542654.496][DEBUG]: DevTools WebSocket Response: Runtime.evaluate (id=287) A46E4A837907CD59647646AF50DFA781 {
   "result": {
      "type": "object",
      "value": {
         "status": 0,
         "value": {
            "height": 28,
            "left": 0,
            "top": 0,
            "width": 186.40625
         }
      }
   }
}
[1777542654.498][DEBUG]: DevTools WebSocket Command: Runtime.evaluate (id=288) A46E4A837907CD59647646AF50DFA781 {
   "awaitPromise": true,
   "expression": "(function() { // Copyright (c) 2012 The Chromium Authors. All rights reserved.\n// Use of this source code is governed by a BSD-style license that can be\n// found in the LICENSE file.\n\n/**\n * Enum f...",
   "returnByValue": true
}
[1777542654.505][DEBUG]: DevTools WebSocket Response: Runtime.evaluate (id=288) A46E4A837907CD59647646AF50DFA781 {
   "result": {
      "type": "object",
      "value": {
         "status": 0,
         "value": {
            "ceil": {

            },
            "clone": {

            },
            "floor": {

            },
            "round": {

            },
            "scale": {

            },
            "translate": {

            },
            "x": 215.5,
            "y": 218.859375
         }
      }
   }
}
[1777542654.506][DEBUG]: DevTools WebSocket Command: Runtime.evaluate (id=289) A46E4A837907CD59647646AF50DFA781 {
   "awaitPromise": true,
   "expression": "(function() { // Copyright (c) 2012 The Chromium Authors. All rights reserved.\n// Use of this source code is governed by a BSD-style license that can be\n// found in the LICENSE file.\n\n/**\n * Enum f...",
   "returnByValue": true
}
[1777542654.512][DEBUG]: DevTools WebSocket Response: Runtime.evaluate (id=289) A46E4A837907CD59647646AF50DFA781 {
   "result": {
      "type": "object",
      "value": {
         "status": 0,
         "value": {
            "clickable": true,
            "message": "Element's descendant would receive the click. Consider clicking the descendant instead. Descendant: \u003Cspan>...\u003C/span>"
         }
      }
   }
}
[1777542654.512][DEBUG]: DevTools WebSocket Command: Input.dispatchMouseEvent (id=290) A46E4A837907CD59647646AF50DFA781 {
   "button": "none",
   "buttons": 0,
   "clickCount": 0,
   "force": 0.0,
   "modifiers": 0,
   "pointerType": "mouse",
   "tangentialPressure": 0.0,
   "tiltX": 0,
   "tiltY": 0,
   "twist": 0,
   "type": "mouseMoved",
   "x": 308,
   "y": 232
}
[1777542654.513][DEBUG]: DevTools WebSocket Command: Input.dispatchMouseEvent (id=291) A46E4A837907CD59647646AF50DFA781 {
   "button": "left",
   "buttons": 0,
   "clickCount": 1,
   "force": 0.0,
   "modifiers": 0,
   "pointerType": "mouse",
   "tangentialPressure": 0.0,
   "tiltX": 0,
   "tiltY": 0,
   "twist": 0,
   "type": "mousePressed",
   "x": 308,
   "y": 232
}
[1777542654.513][DEBUG]: DevTools WebSocket Command: Input.dispatchMouseEvent (id=292) A46E4A837907CD59647646AF50DFA781 {
   "button": "left",
   "buttons": 1,
   "clickCount": 1,
   "force": 0.0,
   "modifiers": 0,
   "pointerType": "mouse",
   "tangentialPressure": 0.0,
   "tiltX": 0,
   "tiltY": 0,
   "twist": 0,
   "type": "mouseReleased",
   "x": 308,
   "y": 232
}
[1777542654.515][DEBUG]: DevTools WebSocket Response: Input.dispatchMouseEvent (id=290) A46E4A837907CD59647646AF50DFA781 {

}
[1777542654.517][DEBUG]: DevTools WebSocket Response: Input.dispatchMouseEvent (id=291) A46E4A837907CD59647646AF50DFA781 {

}
[1777542654.519][DEBUG]: DevTools WebSocket Event: Page.frameScheduledNavigation A46E4A837907CD59647646AF50DFA781 {
   "delay": 0,
   "frameId": "A46E4A837907CD59647646AF50DFA781",
   "reason": "anchorClick",
   "url": "https://en.wikipedia.org/wiki/Wikipedia:About"
}
[1777542654.519][DEBUG]: DevTools WebSocket Event: Page.frameRequestedNavigation A46E4A837907CD59647646AF50DFA781 {
   "disposition": "currentTab",
   "frameId": "A46E4A837907CD59647646AF50DFA781",
   "reason": "anchorClick",
   "url": "https://en.wikipedia.org/wiki/Wikipedia:About"
}
[1777542654.519][DEBUG]: DevTools WebSocket Event: Page.frameStartedLoading A46E4A837907CD59647646AF50DFA781 {
   "frameId": "A46E4A837907CD59647646AF50DFA781"
}
[1777542654.530][DEBUG]: DevTools WebSocket Event: Page.frameClearedScheduledNavigation A46E4A837907CD59647646AF50DFA781 {
   "frameId": "A46E4A837907CD59647646AF50DFA781"
}
[1777542654.530][DEBUG]: DevTools WebSocket Response: Input.dispatchMouseEvent (id=292) A46E4A837907CD59647646AF50DFA781 {

}
[1777542654.530][INFO]: Waiting for pending navigations...
[1777542654.530][DEBUG]: DevTools WebSocket Command: Runtime.evaluate (id=293) A46E4A837907CD59647646AF50DFA781 {
   "expression": "1"
}
[1777542654.615][DEBUG]: DevTools WebSocket Event: Runtime.executionContextsCleared A46E4A837907CD59647646AF50DFA781 {

}
[1777542654.615][DEBUG]: DevTools WebSocket Event: Page.frameNavigated A46E4A837907CD59647646AF50DFA781 {
   "frame": {
      "adFrameType": "none",
      "crossOriginIsolatedContextType": "NotIsolated",
      "domainAndRegistry": "wikipedia.org",
      "gatedAPIFeatures": [ "SharedArrayBuffersTransferAllowed" ],
      "id": "A46E4A837907CD59647646AF50DFA781",
      "loaderId": "3DDB041F3E707FA1A96B749CB7CF080C",
      "mimeType": "text/html",
      "secureContextType": "Secure",
      "securityOrigin": "https://en.wikipedia.org",
      "url": "https://en.wikipedia.org/wiki/Wikipedia:About"
   }
}
[1777542654.615][DEBUG]: DevTools WebSocket Event: Runtime.executionContextCreated A46E4A837907CD59647646AF50DFA781 {
   "context": {
      "auxData": {
         "frameId": "A46E4A837907CD59647646AF50DFA781",
         "isDefault": true,
         "type": "default"
      },
      "id": 9,
      "name": "",
      "origin": "https://en.wikipedia.org",
      "uniqueId": "1519985629112250525.233025560858661030"
   }
}
[1777542654.615][DEBUG]: DevTools WebSocket Event: DOM.documentUpdated A46E4A837907CD59647646AF50DFA781 {

}
[1777542654.616][DEBUG]: DevTools WebSocket Command: DOM.getDocument (id=294) A46E4A837907CD59647646AF50DFA781 {

}
[1777542654.616][DEBUG]: DevTools WebSocket Response: Runtime.evaluate (id=293) A46E4A837907CD59647646AF50DFA781 {
   "result": {
      "description": "1",
      "type": "number",
      "value": 1
   }
}
[1777542654.626][DEBUG]: DevTools WebSocket Response: DOM.getDocument (id=294) A46E4A837907CD59647646AF50DFA781 {
   "root": {
      "backendNodeId": 826,
      "baseURL": "https://en.wikipedia.org/wiki/Wikipedia:About",
      "childNodeCount": 2,
      "children": [ {
         "backendNodeId": 827,
         "localName": "",
         "nodeId": 88,
         "nodeName": "html",
         "nodeType": 10,
         "nodeValue": "",
         "parentId": 87,
         "publicId": "",
         "systemId": ""
      }, {
         "attributes": [ "class", "client-js vector-feature-language-in-header-enabled vector-feature-language-in-main-menu-disabled vector-feature-language-in-main-page-header-disabled vector-feature-page-tools-pinned-disabled vect...", "lang", "en", "dir", "ltr" ],
         "backendNodeId": 828,
         "childNodeCount": 2,
         "children": [ {
            "attributes": [  ],
            "backendNodeId": 829,
            "childNodeCount": 26,
            "localName": "head",
            "nodeId": 90,
            "nodeName": "HEAD",
            "nodeType": 1,
            "nodeValue": "",
            "parentId": 89
         }, {
            "attributes": [ "class", "ext-discussiontools-replytool-enabled ext-discussiontools-newtopictool-enabled ext-discussiontools-sourcemodetoolbar-enabled skin--responsive skin-vector skin-vector-search-vue mediawiki ltr sitedi..." ],
            "backendNodeId": 830,
            "childNodeCount": 4,
            "localName": "body",
            "nodeId": 91,
            "nodeName": "BODY",
            "nodeType": 1,
            "nodeValue": "",
            "parentId": 89
         } ],
         "frameId": "A46E4A837907CD59647646AF50DFA781",
         "localName": "html",
         "nodeId": 89,
         "nodeName": "HTML",
         "nodeType": 1,
         "nodeValue": "",
         "parentId": 87
      } ],
      "documentURL": "https://en.wikipedia.org/wiki/Wikipedia:About",
      "localName": "",
      "nodeId": 87,
      "nodeName": "#document",
      "nodeType": 9,
      "nodeValue": "",
      "xmlVersion": ""
   }
}
[1777542654.626][DEBUG]: DevTools WebSocket Command: Runtime.evaluate (id=295) A46E4A837907CD59647646AF50DFA781 {
   "expression": "1"
}
[1777542654.666][DEBUG]: DevTools WebSocket Event: DOM.childNodeCountUpdated A46E4A837907CD59647646AF50DFA781 {
   "childNodeCount": 27,
   "nodeId": 90
}
[1777542654.666][DEBUG]: DevTools WebSocket Response: Runtime.evaluate (id=295) A46E4A837907CD59647646AF50DFA781 {
   "result": {
      "description": "1",
      "type": "number",
      "value": 1
   }
}
[1777542654.674][DEBUG]: DevTools WebSocket Event: DOM.childNodeCountUpdated A46E4A837907CD59647646AF50DFA781 {
   "childNodeCount": 5,
   "nodeId": 91
}
[1777542654.674][DEBUG]: DevTools WebSocket Event: DOM.childNodeCountUpdated A46E4A837907CD59647646AF50DFA781 {
   "childNodeCount": 6,
   "nodeId": 91
}
[1777542654.674][DEBUG]: DevTools WebSocket Event: DOM.childNodeCountUpdated A46E4A837907CD59647646AF50DFA781 {
   "childNodeCount": 7,
   "nodeId": 91
}
[1777542654.674][DEBUG]: DevTools WebSocket Command: Runtime.evaluate (id=296) A46E4A837907CD59647646AF50DFA781 {
   "expression": "1"
}
[1777542654.675][DEBUG]: DevTools WebSocket Response: Runtime.evaluate (id=296) A46E4A837907CD59647646AF50DFA781 {
   "result": {
      "description": "1",
      "type": "number",
      "value": 1
   }
}
[1777542654.742][DEBUG]: DevTools WebSocket Event: DOM.documentUpdated A46E4A837907CD59647646AF50DFA781 {

}
[1777542654.742][DEBUG]: DevTools WebSocket Command: DOM.getDocument (id=297) A46E4A837907CD59647646AF50DFA781 {

}
[1777542654.742][DEBUG]: DevTools WebSocket Event: Page.domContentEventFired A46E4A837907CD59647646AF50DFA781 {
   "timestamp": 13324.351314
}
[1777542654.742][DEBUG]: DevTools WebSocket Command: Runtime.evaluate (id=298) A46E4A837907CD59647646AF50DFA781 {
   "expression": "1"
}
[1777542654.771][DEBUG]: DevTools WebSocket Response: DOM.getDocument (id=297) A46E4A837907CD59647646AF50DFA781 {
   "root": {
      "backendNodeId": 826,
      "baseURL": "https://en.wikipedia.org/wiki/Wikipedia:About",
      "childNodeCount": 2,
      "children": [ {
         "backendNodeId": 827,
         "localName": "",
         "nodeId": 93,
         "nodeName": "html",
         "nodeType": 10,
         "nodeValue": "",
         "parentId": 92,
         "publicId": "",
         "systemId": ""
      }, {
         "attributes": [ "class", "client-js vector-feature-language-in-header-enabled vector-feature-language-in-main-menu-disabled vector-feature-language-in-main-page-header-disabled vector-feature-page-tools-pinned-disabled vect...", "lang", "en", "dir", "ltr" ],
         "backendNodeId": 828,
         "childNodeCount": 2,
         "children": [ {
            "attributes": [  ],
            "backendNodeId": 829,
            "childNodeCount": 27,
            "localName": "head",
            "nodeId": 95,
            "nodeName": "HEAD",
            "nodeType": 1,
            "nodeValue": "",
            "parentId": 94
         }, {
            "attributes": [ "class", "ext-discussiontools-replytool-enabled ext-discussiontools-newtopictool-enabled ext-discussiontools-sourcemodetoolbar-enabled skin--responsive skin-vector skin-vector-search-vue mediawiki ltr sitedi..." ],
            "backendNodeId": 830,
            "childNodeCount": 7,
            "localName": "body",
            "nodeId": 96,
            "nodeName": "BODY",
            "nodeType": 1,
            "nodeValue": "",
            "parentId": 94
         } ],
         "frameId": "A46E4A837907CD59647646AF50DFA781",
         "localName": "html",
         "nodeId": 94,
         "nodeName": "HTML",
         "nodeType": 1,
         "nodeValue": "",
         "parentId": 92
      } ],
      "documentURL": "https://en.wikipedia.org/wiki/Wikipedia:About",
      "localName": "",
      "nodeId": 92,
      "nodeName": "#document",
      "nodeType": 9,
      "nodeValue": "",
      "xmlVersion": ""
   }
}
[1777542654.771][DEBUG]: DevTools WebSocket Response: Runtime.evaluate (id=298) A46E4A837907CD59647646AF50DFA781 {
   "result": {
      "description": "1",
      "type": "number",
      "value": 1
   }
}
[1777542654.809][DEBUG]: DevTools WebSocket Event: DOM.childNodeCountUpdated A46E4A837907CD59647646AF50DFA781 {
   "childNodeCount": 26,
   "nodeId": 95
}
[1777542654.809][DEBUG]: DevTools WebSocket Command: Runtime.evaluate (id=299) A46E4A837907CD59647646AF50DFA781 {
   "expression": "1"
}
[1777542654.812][DEBUG]: DevTools WebSocket Event: Page.loadEventFired A46E4A837907CD59647646AF50DFA781 {
   "timestamp": 13324.426808
}
[1777542654.812][DEBUG]: DevTools WebSocket Command: Runtime.evaluate (id=300) A46E4A837907CD59647646AF50DFA781 {
   "awaitPromise": false,
   "expression": "document.readyState",
   "returnByValue": true
}
[1777542654.812][DEBUG]: DevTools WebSocket Event: Page.frameStoppedLoading A46E4A837907CD59647646AF50DFA781 {
   "frameId": "A46E4A837907CD59647646AF50DFA781"
}
[1777542654.825][DEBUG]: DevTools WebSocket Event: DOM.childNodeInserted A46E4A837907CD59647646AF50DFA781 {
   "node": {
      "attributes": [  ],
      "backendNodeId": 932,
      "childNodeCount": 0,
      "localName": "fieldset",
      "nodeId": 97,
      "nodeName": "FIELDSET",
      "nodeType": 1,
      "nodeValue": ""
   },
   "parentNodeId": 94,
   "previousNodeId": 96
}
[1777542654.825][DEBUG]: DevTools WebSocket Event: DOM.attributeModified A46E4A837907CD59647646AF50DFA781 {
   "name": "id",
   "nodeId": 97,
   "value": "jQuery37102578196919055096"
}
[1777542654.825][DEBUG]: DevTools WebSocket Event: DOM.childNodeRemoved A46E4A837907CD59647646AF50DFA781 {
   "nodeId": 97,
   "parentNodeId": 94
}
[1777542654.825][DEBUG]: DevTools WebSocket Event: DOM.childNodeInserted A46E4A837907CD59647646AF50DFA781 {
   "node": {
      "attributes": [  ],
      "backendNodeId": 933,
      "childNodeCount": 0,
      "localName": "fieldset",
      "nodeId": 98,
      "nodeName": "FIELDSET",
      "nodeType": 1,
      "nodeValue": ""
   },
   "parentNodeId": 94,
   "previousNodeId": 96
}
[1777542654.825][DEBUG]: DevTools WebSocket Event: DOM.childNodeCountUpdated A46E4A837907CD59647646AF50DFA781 {
   "childNodeCount": 1,
   "nodeId": 98
}
[1777542654.825][DEBUG]: DevTools WebSocket Event: DOM.childNodeCountUpdated A46E4A837907CD59647646AF50DFA781 {
   "childNodeCount": 2,
   "nodeId": 98
}
[1777542654.825][DEBUG]: DevTools WebSocket Event: DOM.childNodeCountUpdated A46E4A837907CD59647646AF50DFA781 {
   "childNodeCount": 3,
   "nodeId": 98
}
[1777542654.825][DEBUG]: DevTools WebSocket Event: DOM.childNodeRemoved A46E4A837907CD59647646AF50DFA781 {
   "nodeId": 98,
   "parentNodeId": 94
}
[1777542654.825][DEBUG]: DevTools WebSocket Event: DOM.childNodeInserted A46E4A837907CD59647646AF50DFA781 {
   "node": {
      "attributes": [  ],
      "backendNodeId": 933,
      "childNodeCount": 3,
      "localName": "fieldset",
      "nodeId": 99,
      "nodeName": "FIELDSET",
      "nodeType": 1,
      "nodeValue": ""
   },
   "parentNodeId": 94,
   "previousNodeId": 96
}
[1777542654.825][DEBUG]: DevTools WebSocket Event: DOM.attributeModified A46E4A837907CD59647646AF50DFA781 {
   "name": "disabled",
   "nodeId": 99,
   "value": ""
}
[1777542654.825][DEBUG]: DevTools WebSocket Event: DOM.childNodeCountUpdated A46E4A837907CD59647646AF50DFA781 {
   "childNodeCount": 4,
   "nodeId": 99
}
[1777542654.825][DEBUG]: DevTools WebSocket Event: DOM.childNodeRemoved A46E4A837907CD59647646AF50DFA781 {
   "nodeId": 99,
   "parentNodeId": 94
}
[1777542654.826][DEBUG]: DevTools WebSocket Response: Runtime.evaluate (id=299) A46E4A837907CD59647646AF50DFA781 {
   "result": {
      "description": "1",
      "type": "number",
      "value": 1
   }
}
[1777542654.826][DEBUG]: DevTools WebSocket Response: Runtime.evaluate (id=300) A46E4A837907CD59647646AF50DFA781 {
   "result": {
      "type": "string",
      "value": "complete"
   }
}
[1777542654.826][INFO]: Done waiting for pending navigations. Status: ok
[1777542654.826][INFO]: [b88cffaed75ed7d6c2d553a8980f3ec9] RESPONSE ClickElement
[1777542654.856][INFO]: [b88cffaed75ed7d6c2d553a8980f3ec9] COMMAND GetUrl {

}
[1777542654.856][INFO]: Waiting for pending navigations...
[1777542654.856][DEBUG]: DevTools WebSocket Command: Runtime.evaluate (id=301) A46E4A837907CD59647646AF50DFA781 {
   "expression": "1"
}
[1777542654.865][DEBUG]: DevTools WebSocket Response: Runtime.evaluate (id=301) A46E4A837907CD59647646AF50DFA781 {
   "result": {
      "description": "1",
      "type": "number",
      "value": 1
   }
}
[1777542654.865][INFO]: Done waiting for pending navigations. Status: ok
[1777542654.866][DEBUG]: DevTools WebSocket Command: Runtime.evaluate (id=302) A46E4A837907CD59647646AF50DFA781 {
   "awaitPromise": true,
   "expression": "(function() { // Copyright (c) 2012 The Chromium Authors. All rights reserved.\n// Use of this source code is governed by a BSD-style license that can be\n// found in the LICENSE file.\n\n/**\n * Enum f...",
   "returnByValue": true
}
[1777542654.867][DEBUG]: DevTools WebSocket Response: Runtime.evaluate (id=302) A46E4A837907CD59647646AF50DFA781 {
   "result": {
      "type": "object",
      "value": {
         "status": 0,
         "value": "https://en.wikipedia.org/wiki/Wikipedia:About"
      }
   }
}
[1777542654.867][INFO]: Waiting for pending navigations...
[1777542654.867][DEBUG]: DevTools WebSocket Command: Runtime.evaluate (id=303) A46E4A837907CD59647646AF50DFA781 {
   "expression": "1"
}
[1777542654.869][DEBUG]: DevTools WebSocket Response: Runtime.evaluate (id=303) A46E4A837907CD59647646AF50DFA781 {
   "result": {
      "description": "1",
      "type": "number",
      "value": 1
   }
}
[1777542654.869][INFO]: Done waiting for pending navigations. Status: ok
[1777542654.869][INFO]: [b88cffaed75ed7d6c2d553a8980f3ec9] RESPONSE GetUrl "https://en.wikipedia.org/wiki/Wikipedia:About"
[1777542654.887][INFO]: [b88cffaed75ed7d6c2d553a8980f3ec9] COMMAND CloseWindow {

}
[1777542654.887][DEBUG]: DevTools HTTP Request: http://localhost:35257/json/list
[1777542654.889][DEBUG]: DevTools HTTP Response: [ {
   "description": "",
   "devtoolsFrontendUrl": "/devtools/inspector.html?ws=localhost:35257/devtools/page/A46E4A837907CD59647646AF50DFA781",
   "faviconUrl": "https://en.wikipedia.org/static/favicon/wikipedia.ico",
   "id": "A46E4A837907CD59647646AF50DFA781",
   "title": "Wikipedia:About - Wikipedia",
   "type": "page",
   "url": "https://en.wikipedia.org/wiki/Wikipedia:About",
   "webSocketDebuggerUrl": "ws://localhost:35257/devtools/page/A46E4A837907CD59647646AF50DFA781"
} ]

[1777542654.889][DEBUG]: DevTools HTTP Request: http://localhost:35257/json/close/A46E4A837907CD59647646AF50DFA781
[1777542654.891][DEBUG]: DevTools HTTP Response: Target is closing
[1777542654.891][DEBUG]: DevTools HTTP Request: http://localhost:35257/json/list
[1777542654.893][DEBUG]: DevTools HTTP Response: [ {
   "description": "",
   "devtoolsFrontendUrl": "/devtools/inspector.html?ws=localhost:35257/devtools/page/A46E4A837907CD59647646AF50DFA781",
   "faviconUrl": "https://en.wikipedia.org/static/favicon/wikipedia.ico",
   "id": "A46E4A837907CD59647646AF50DFA781",
   "title": "Wikipedia:About - Wikipedia",
   "type": "page",
   "url": "https://en.wikipedia.org/wiki/Wikipedia:About",
   "webSocketDebuggerUrl": "ws://localhost:35257/devtools/page/A46E4A837907CD59647646AF50DFA781"
} ]

[1777542654.943][DEBUG]: DevTools HTTP Request: http://localhost:35257/json/list
[1777542654.944][DEBUG]: DevTools HTTP Request failed
[0430/095054.979626:ERROR:nacl_helper_linux.cc(307)] NaCl helper process running without a sandbox!
Most likely you need to configure your SUID sandbox correctly
[1777542654.995][INFO]: [b88cffaed75ed7d6c2d553a8980f3ec9] RESPONSE CloseWindow [  ]
[1777542654.995][DEBUG]: Log type 'driver' lost 0 entries on destruction
[1777542654.995][DEBUG]: Log type 'browser' lost 7 entries on destruction
